sigma,chi_mag,log_chi_mag,phi_s,unitary_error
0.0,1.4998704529233071,0.40537873966072213,-0.71482478652789,0.4998704529233071
0.001001001001001001,1.4986530741384236,0.4045667541346567,-0.7172642076035377,0.49865307413842364
0.002002002002002002,1.497436687193806,0.40375477111121844,-0.7197075928387245,0.49743668719380607
0.003003003003003003,1.4962212912708448,0.4029427905853991,-0.7221549584280949,0.4962212912708448
0.004004004004004004,1.4950068855516212,0.4021308125521914,-0.7246063206642415,0.4950068855516212
0.005005005005005005,1.493793469218905,0.401318837006587,-0.727061695938497,0.493793469218905
0.006006006006006006,1.4925810414561556,0.4005068639435781,-0.7295211007417342,0.49258104145615556
0.007007007007007007,1.4913696014475195,0.3996948933581562,-0.731984551665172,0.4913696014475195
0.008008008008008008,1.4901591483778318,0.3988829252453134,-0.734452065401193,0.4901591483778318
0.009009009009009009,1.4889496814326146,0.39807095960004146,-0.7369236587441665,0.48894968143261464
0.01001001001001001,1.4877411997980758,0.397258996417332,-0.7393993485912814,0.48774119979807584
0.011011011011011011,1.4865337026611094,0.39644703569217643,-0.7418791519433872,0.4865337026611094
0.012012012012012012,1.4853271892092947,0.39563507741956644,-0.7443630859058434,0.48532718920929474
0.013013013013013013,1.4841216586308956,0.3948231215944934,-0.7468511676893786,0.4841216586308956
0.014014014014014014,1.4829171101148602,0.3940111682119487,-0.7493434146109568,0.48291711011486016
0.015015015015015015,1.4817135428508197,0.3931992172669236,-0.7518398440946541,0.4817135428508197
0.016016016016016016,1.4805109560290886,0.39238726875440944,-0.7543404736725439,0.48051095602908855
0.017017017017017015,1.4793093488406632,0.39157532266939726,-0.7568453209855909,0.47930934884066323
0.018018018018018018,1.4781087204772216,0.39076337900687796,-0.7593544037845552,0.47810872047722164
0.01901901901901902,1.4769090701311234,0.3899514377618427,-0.7618677399309048,0.4769090701311234
0.02002002002002002,1.4757103969954084,0.38913949892928257,-0.7643853473977391,0.4757103969954084
0.02102102102102102,1.4745127002637963,0.38832756250418826,-0.7669072442707197,0.4745127002637963
0.022022022022022022,1.4733159791306862,0.3875156284815507,-0.7694334487490133,0.47331597913068624
0.023023023023023025,1.4721202327911553,0.38670369685636,-0.7719639791462436,0.47212023279115534
0.024024024024024024,1.4709254604409605,0.38589176762360766,-0.7744988538914523,0.4709254604409605
0.025025025025025023,1.4697316612765345,0.38507984077828367,-0.7770380915300719,0.46973166127653454
0.026026026026026026,1.4685388344949883,0.38426791631537877,-0.779581710724907,0.46853883449498834
0.02702702702702703,1.4673469792941085,0.3834559942298833,-0.7821297302571276,0.4673469792941085
0.028028028028028028,1.4661560948723573,0.3826440745167872,-0.784682169027272,0.4661560948723573
0.029029029029029027,1.4649661804288736,0.3818321571710816,-0.78723904605626,0.4649661804288736
0.03003003003003003,1.4637772351634695,0.38102024218775626,-0.7898003804864183,0.46377723516346947
0.031031031031031032,1.462589258276631,0.38020832956180106,-0.792366191582515,0.4625892582766311
0.03203203203203203,1.461402248969519,0.3793964192882065,-0.7949364987328067,0.4614022489695191
0.03303303303303303,1.4602162064439659,0.3785845113619622,-0.7975113214500962,0.4602162064439659
0.03403403403403403,1.4590311299024772,0.3777726057780584,-0.800090679372801,0.4590311299024772
0.035035035035035036,1.4578470185482297,0.3769607025314848,-0.8026745922660345,0.45784701854822973
0.036036036036036036,1.4566638715850717,0.37614880161723124,-0.8052630800226976,0.4566638715850717
0.037037037037037035,1.4554816882175217,0.3753369030302874,-0.8078561626645834,0.45548168821752166
0.03803803803803804,1.4543004676507678,0.37452500676564254,-0.810453860343492,0.4543004676507678
0.03903903903903904,1.4531202090906692,0.373713112818287,-0.8130561933423598,0.4531202090906692
0.04004004004004004,1.451940911743752,0.3729012211832098,-0.8156631820763989,0.45194091174375206
0.04104104104104104,1.4507625748172117,0.37208933185540055,-0.81827484709425,0.4507625748172117
0.04204204204204204,1.4495851975189107,0.37127744482984837,-0.8208912090791483,0.4495851975189107
0.043043043043043044,1.4484087790573787,0.3704655601015425,-0.8235122888501003,0.44840877905737875
0.044044044044044044,1.447233318641813,0.3696536776654727,-0.826138107363076,0.4472333186418129
0.04504504504504504,1.4460588154820748,0.36884179751662755,-0.8287686857122123,0.4460588154820748
0.04604604604604605,1.4448852687886928,0.3680299196499966,-0.8314040451310304,0.44488526878869283
0.04704704704704705,1.4437126777728584,0.36721804406056824,-0.8340442069936667,0.4437126777728584
0.04804804804804805,1.4425410416464293,0.36640617074333215,-0.8366891928161169,0.44254104164642927
0.04904904904904905,1.4413703596219252,0.3655942996932768,-0.8393390242574943,0.44137035962192517
0.050050050050050046,1.4402006309125297,0.36478243090539114,-0.841993723121302,0.4402006309125297
0.05105105105105105,1.4390318547320886,0.3639705643746639,-0.8446533113567193,0.4390318547320886
0.05205205205205205,1.4378640302951093,0.3631587000960834,-0.8473178110599018,0.43786403029510934
0.05305305305305305,1.4366971568167615,0.36234683806463874,-0.8499872444752973,0.43669715681676147
0.05405405405405406,1.4355312335128747,0.3615349782753183,-0.8526616339969753,0.4355312335128747
0.055055055055055056,1.4343662595999394,0.3607231207231106,-0.855341002169972,0.43436625959993935
0.056056056056056056,1.4332022342951047,0.35991126540300383,-0.8580253716916505,0.43320223429510474
0.057057057057057055,1.4320391568161797,0.3590994123099864,-0.860714765413076,0.43203915681617966
0.058058058058058054,1.4308770263816317,0.3582875614390468,-0.8634092063404067,0.4308770263816317
0.05905905905905906,1.4297158422105858,0.357475712785173,-0.8661087176363009,0.4297158422105858
0.06006006006006006,1.4285556035228246,0.3566638663433533,-0.8688133226213389,0.4285556035228246
0.06106106106106106,1.4273963095387874,0.35585202210857564,-0.871523044775463,0.4273963095387874
0.062062062062062065,1.4262379594795693,0.35504018007582794,-0.874237907739432,0.42623795947956933
0.06306306306306306,1.4250805525669223,0.3542283402400985,-0.8769579353162933,0.42508055256692234
0.06406406406406406,1.423924088023252,0.35341650259637486,-0.879683151472872,0.423924088023252
0.06506506506506507,1.4227685650716195,0.35260466713964506,-0.882413580341277,0.42276856507161953
0.06606606606606606,1.4216139829357393,0.35179283386489657,-0.8851492462204238,0.42161398293573926
0.06706706706706707,1.4204603408399794,0.3509810027671172,-0.8878901735775759,0.4204603408399794
0.06806806806806806,1.419307638009361,0.35016917384129453,-0.8906363870499033,0.419307638009361
0.06906906906906907,1.4181558736695572,0.3493573470824162,-0.8933879114460596,0.4181558736695572
0.07007007007007007,1.417005047046893,0.34854552248546977,-0.8961447717477765,0.4170050470468929
0.07107107107107107,1.4158551573683438,0.3477337000454423,-0.8989069931114787,0.4158551573683438
0.07207207207207207,1.4147062038615366,0.34692187975732125,-0.9016746008699154,0.41470620386153656
0.07307307307307308,1.4135581857547481,0.34611006161609426,-0.9044476205338126,0.4135581857547481
0.07407407407407407,1.4124111022769041,0.3452982456167482,-0.9072260777935441,0.41241110227690414
0.07507507507507508,1.4112649526575793,0.34448643175427024,-0.9100099985208225,0.41126495265757934
0.07607607607607608,1.410119736126997,0.34367462002364746,-0.9127994087704094,0.41011973612699704
0.07707707707707707,1.4089754519160287,0.3428628104198672,-0.9155943347818469,0.4089754519160287
0.07807807807807808,1.4078320992561917,0.342051002937916,-0.9183948029812086,0.4078320992561917
0.07907907907907907,1.4066896773796513,0.34123919757278115,-0.921200839982872,0.40668967737965134
0.08008008008008008,1.4055481855192182,0.34042739431944913,-0.9240124725913124,0.40554818551921823
0.08108108108108109,1.4044076229083486,0.33961559317290674,-0.9268297278029163,0.40440762290834864
0.08208208208208208,1.4032679887811443,0.33880379412814093,-0.9296526328078194,0.40326798878114434
0.08308308308308308,1.402129282372351,0.3379919971801383,-0.9324812149917642,0.402129282372351
0.08408408408408408,1.400991502917358,0.3371802023238853,-0.9353155019379806,0.4009915029173581
0.08508508508508508,1.3998546496521986,0.3363684095543686,-0.9381555214290903,0.39985464965219863
0.08608608608608609,1.3987187218135477,0.3355566188665742,-0.9410013014490324,0.3987187218135477
0.08708708708708708,1.397583718638724,0.33474483025548907,-0.9438528701850135,0.3975837186387241
0.08808808808808809,1.396449639365687,0.33393304371609944,-0.9467102560294813,0.3964496393656869
0.0890890890890891,1.3953164832330363,0.3331212592433912,-0.9495734875821218,0.39531648323303625
0.09009009009009009,1.3941842494800138,0.33230947683235107,-0.9524425936518811,0.39418424948001385
0.09109109109109109,1.3930529373465,0.33149769647796457,-0.9553176032590123,0.39305293734649993
0.0920920920920921,1.3919225460730158,0.3306859181752185,-0.9581985456371467,0.3919225460730158
0.09309309309309309,1.3907930749007202,0.3298741419190983,-0.961085450235391,0.39079307490072024
0.0940940940940941,1.3896645230714109,0.32906236770459013,-0.9639783467204504,0.38966452307141086
0.09509509509509509,1.3885368898275232,0.32825059552667996,-0.9668772649787771,0.3885368898275232
0.0960960960960961,1.3874101744121297,0.3274388253803534,-0.9697822351187468,0.38741017441212966
0.0970970970970971,1.3862843760689398,0.3266270572605966,-0.972693287472861,0.38628437606893984
0.0980980980980981,1.3851594940422989,0.3258152911623951,-0.9756104525999765,0.3851594940422989
0.0990990990990991,1.3840355275771874,0.32500352708073427,-0.9785337612875645,0.3840355275771874
0.10010010010010009,1.3829124759192217,0.3241917650106001,-0.9814632445539957,0.38291247591922173
0.1011011011011011,1.381790338314652,0.32338000494697783,-0.9843989336508556,0.3817903383146519
0.1021021021021021,1.3806691140103626,0.32256824688485314,-0.9873408600652881,0.38066911401036263
0.1031031031031031,1.3795488022538713,0.3217564908192114,-0.9902890555223689,0.37954880225387133
0.1041041041041041,1.3784294022933283,0.3209447367450379,-0.9932435519875089,0.37842940229332833
0.10510510510510511,1.3773109133775165,0.3201329846573178,-0.9962043816688879,0.37731091337751654
0.1061061061061061,1.3761933347558502,0.3193212345510364,-0.9991715770199193,0.37619333475585015
0.10710710710710711,1.3750766656783755,0.3185094864211792,-1.0021451707417461,0.3750766656783755
0.10810810810810811,1.3739609053957684,0.317697740262731,-1.0051251957857683,0.37396090539576843
0.1091091091091091,1.3728460531593352,0.3168859960706768,-1.0081116853562038,0.37284605315933517
0.11011011011011011,1.371732108221012,0.3160742538400019,-1.011104672912681,0.3717321082210121
0.1111111111111111,1.3706190698333633,0.31526251356569057,-1.0141041921728646,0.37061906983336335
0.11211211211211211,1.3695069372495834,0.3144507752427286,-1.0171102771151173,0.3695069372495834
0.11311311311311312,1.368395709723493,0.3136390388661002,-1.020122961981192,0.3683957097234929
0.11411411411411411,1.3672853865095407,0.3128273044307902,-1.0231422812789632,0.3672853865095407
0.11511511511511512,1.3661759668628022,0.31201557193178336,-1.0261682697851915,0.3661759668628022
0.11611611611611611,1.365067450038979,0.3112038413640641,-1.0292009625483234,0.365067450038979
0.11711711711711711,1.3639598352943996,0.31039211272261763,-1.0322403948913297,0.36395983529439957
0.11811811811811812,1.3628531218860158,0.3095803860024278,-1.03528660241458,0.3628531218860158
0.11911911911911911,1.3617473090714056,0.30876866119847945,-1.0383396209987545,0.3617473090714056
0.12012012012012012,1.3606423961087706,0.30795693830575693,-1.0413994868077958,0.3606423961087706
0.12112112112112113,1.3595383822569356,0.3071452173192444,-1.0444662362918966,0.3595383822569356
0.12212212212212212,1.3584352667753492,0.30633349823392636,-1.0475399061905304,0.3584352667753492
0.12312312312312312,1.357333048924082,0.30552178104478694,-1.05062053353552,0.357333048924082
0.12412412412412413,1.356231727963827,0.3047100657468104,-1.0537081556541477,0.35623172796382696
0.12512512512512514,1.355131303155898,0.3038983523349808,-1.0568028101723066,0.355131303155898
0.12612612612612611,1.3540317737622303,0.30308664080428205,-1.0599045350176952,0.3540317737622303
0.12712712712712712,1.3529331390453794,0.3022749311496984,-1.0630133684230532,0.3529331390453794
0.12812812812812813,1.3518353982685207,0.3014632233662138,-1.0661293489294406,0.3518353982685207
0.12912912912912913,1.350738550695449,0.3006515174488122,-1.069252515389564,0.350738550695449
0.13013013013013014,1.349642595590577,0.29983981339247706,-1.0723829069711437,0.3496425955905771
0.13113113113113112,1.3485475322189369,0.29902811119219236,-1.07552056316033,0.34854753221893686
0.13213213213213212,1.347453359846178,0.29821641084294204,-1.0786655237651632,0.347453359846178
0.13313313313313313,1.3463600777385667,0.29740471233970966,-1.081817828919083,0.3463600777385667
0.13413413413413414,1.345267685162986,0.2965930156774786,-1.0849775190844833,0.3452676851629859
0.13513513513513514,1.3441761813869353,0.29578132085123277,-1.0881446350563184,0.3441761813869353
0.13613613613613612,1.343085565678529,0.29496962785595515,-1.0913192179657576,0.343085565678529
0.13713713713713713,1.3419958373064975,0.29415793668662976,-1.0945013092838891,0.3419958373064975
0.13813813813813813,1.340906995540185,0.29334624733823983,-1.0976909508254764,0.3409069955401851
0.13913913913913914,1.33981903964955,0.2925345598057686,-1.1008881847527665,0.33981903964954996
0.14014014014014015,1.338731968905164,0.2917228740841995,-1.1040930535793505,0.338731968905164
0.14114114114114115,1.3376457825782115,0.2909111901685154,-1.1073056001740784,0.33764578257821154
0.14214214214214213,1.33656047994049,0.2900995080536998,-1.110525867765029,0.33656047994049
0.14314314314314314,1.3354760602644085,0.2892878277347358,-1.1137538999435332,0.33547606026440846
0.14414414414414414,1.3343925228229871,0.2884761492066065,-1.1169897406682583,0.33439252282298715
0.14514514514514515,1.3333098668898569,0.2876644724642947,-1.1202334342693434,0.33330986688985687
0.14614614614614616,1.3322280917392593,0.2868527975027835,-1.1234850254526003,0.33222809173925927
0.14714714714714713,1.3311471966460455,0.28604112431705575,-1.1267445593037675,0.3311471966460455
0.14814814814814814,1.330067180885676,0.28522945290209445,-1.1300120812928298,0.3300671808856761
0.14914914914914915,1.3289880437342199,0.28441778325288225,-1.1332876372783955,0.32898804373421986
0.15015015015015015,1.327909784468354,0.2836061153644019,-1.136571273512139,0.32790978446835406
0.15115115115115116,1.3268324023653637,0.28279444923163605,-1.1398630366433045,0.3268324023653637
0.15215215215215216,1.325755896703141,0.2819827848495676,-1.1431629737232774,0.3257558967031411
0.15315315315315314,1.3246802667601845,0.28117112221317886,-1.1464711322102183,0.32468026676018447
0.15415415415415415,1.3236055118155987,0.28035946131745243,-1.149787559973767,0.3236055118155987
0.15515515515515516,1.3225316311490942,0.27954780215737085,-1.1531123052998125,0.3225316311490942
0.15615615615615616,1.3214586240409862,0.27873614472791647,-1.1564454168953324,0.32145862404098624
0.15715715715715717,1.3203864897721946,0.27792448902407174,-1.1597869438933055,0.32038648977219464
0.15815815815815815,1.3193152276242435,0.27711283504081907,-1.163136935857692,0.31931522762424347
0.15915915915915915,1.3182448368792596,0.2763011827731404,-1.166495442788491,0.31824483687925964
0.16016016016016016,1.3171753168199738,0.2754895322160183,-1.1698625151268687,0.3171753168199738
0.16116116116116116,1.3161066667297185,0.2746778833644348,-1.1732382037603648,0.31610666672971854
0.16216216216216217,1.3150388858924285,0.27386623621337197,-1.176622560028175,0.31503888589242846
0.16316316316316315,1.3139719735926396,0.27305459075781197,-1.1800156357265115,0.3139719735926396
0.16416416416416416,1.3129059291154892,0.27224294699273693,-1.183417483114044,0.3129059291154892
0.16516516516516516,1.3118407517467139,0.27143130491312845,-1.186828154917421,0.3118407517467139
0.16616616616616617,1.3107764407726512,0.2706196645139687,-1.1902477043368758,0.3107764407726512
0.16716716716716717,1.3097129954802376,0.26980802579023955,-1.1936761850519129,0.30971299548023756
0.16816816816816815,1.3086504151570082,0.2689963887369228,-1.1971136512270841,0.3086504151570082
0.16916916916916916,1.3075886990910965,0.2681847533490001,-1.2005601575178497,0.30758869909109654
0.17017017017017017,1.3065278465712342,0.26737311962145344,-1.2040157590765286,0.3065278465712342
0.17117117117117117,1.305467856886749,0.2665614875492639,-1.2074805115583391,0.30546785688674905
0.17217217217217218,1.3044087293275672,0.2657498571274138,-1.2109544711275324,0.30440872932756724
0.17317317317317318,1.3033504631842099,0.26493822835088426,-1.2144376944636184,0.3033504631842099
0.17417417417417416,1.3022930577477945,0.264126601214657,-1.2179302387676887,0.30229305774779447
0.17517517517517517,1.3012365123100333,0.2633149757137134,-1.2214321617688355,0.30123651231003334
0.17617617617617617,1.3001808261632333,0.2625033518430345,-1.2249435217306706,0.30018082616323327
0.17717717717717718,1.2991259986002965,0.2616917295976025,-1.2284643774579438,0.29912599860029654
0.1781781781781782,1.2980720289147174,0.2608801089723981,-1.231994788303267,0.2980720289147174
0.17917917917917917,1.2970189164005843,0.26006848996240267,-1.2355348141739388,0.2970189164005843
0.18018018018018017,1.2959666603525781,0.25925687256259755,-1.23908451553888,0.2959666603525781
0.18118118118118118,1.2949152600659715,0.25844525676796365,-1.2426439534356752,0.29491526006597146
0.18218218218218218,1.2938647148366293,0.2576336425734825,-1.246213189477725,0.29386471483662935
0.1831831831831832,1.2928150239610072,0.25682202997413484,-1.2497922858615134,0.2928150239610072
0.1841841841841842,1.2917661867361514,0.2560104189649018,-1.2533813053739868,0.2917661867361514
0.18518518518518517,1.2907182024596986,0.25519880954076457,-1.2569803114000535,0.2907182024596986
0.18618618618618618,1.289671070429874,0.25438720169670354,-1.2605893679302005,0.28967107042987394
0.1871871871871872,1.2886247899454935,0.2535755954277002,-1.264208539568232,0.28862478994549345
0.1881881881881882,1.2875793603059602,0.252763990728735,-1.267837891539133,0.2875793603059602
0.1891891891891892,1.286534780811266,0.2519523875947889,-1.2714774896970586,0.28653478081126593
0.19019019019019018,1.28549105076199,0.2511407860208426,-1.2751274005334523,0.2854910507619901
0.19119119119119118,1.2844481694592986,0.2503291860018766,-1.2787876911852958,0.2844481694592986
0.1921921921921922,1.2834061362049447,0.24951758753287187,-1.2824584294434926,0.2834061362049447
0.1931931931931932,1.282364950301267,0.24870599060880882,-1.2861396837613879,0.28236495030126707
0.1941941941941942,1.28132461105119,0.24789439522466794,-1.289831523263428,0.28132461105119
0.19519519519519518,1.2802851177582235,0.24708280137543018,-1.2935340177539623,0.2802851177582235
0.1961961961961962,1.2792464697264605,0.24627120905607516,-1.2972472377261883,0.2792464697264605
0.1971971971971972,1.27820866626058,0.24545961826158413,-1.3009712543712464,0.27820866626058005
0.1981981981981982,1.2771717066658432,0.2446480289869371,-1.304706139587463,0.27717170666584323
0.1991991991991992,1.2761355902480944,0.24383644122711431,-1.3084519659897496,0.2761355902480944
0.20020020020020018,1.275100316313761,0.24302485497709636,-1.312208806919156,0.2751003163137611
0.2012012012012012,1.2740658841698516,0.2422132702318629,-1.315976736452586,0.27406588416985156
0.2022022022022022,1.2730322931239573,0.24140168698639478,-1.3197558294126732,0.27303229312395727
0.2032032032032032,1.2719995424842492,0.24059010523567168,-1.3235461613778254,0.2719995424842492
0.2042042042042042,1.2709676315594796,0.2397785249746738,-1.327347808692437,0.27096763155947956
0.20520520520520522,1.2699365596589807,0.23896694619838135,-1.3311608484772766,0.26993655965898067
0.2062062062062062,1.268906326092664,0.2381553689017743,-1.3349853586400482,0.26890632609266407
0.2072072072072072,1.2678769301710202,0.23734379307983242,-1.3388214178861357,0.2678769301710202
0.2082082082082082,1.2668483712051184,0.2365322187275358,-1.34266910572953,0.2668483712051184
0.2092092092092092,1.2658206485066057,0.23572064583986424,-1.3465285025039424,0.2658206485066057
0.21021021021021022,1.2647937613877067,0.2349090744117975,-1.3503996893741128,0.2647937613877067
0.2112112112112112,1.2637677091612234,0.23409750443831556,-1.3542827483473114,0.2637677091612234
0.2122122122122122,1.2627424911405338,0.2332859359143981,-1.35817776228504,0.26274249114053383
0.2132132132132132,1.2617181066395922,0.23247436883502473,-1.362084814914938,0.26171810663959216
0.21421421421421422,1.2606945549729283,0.23166280319517513,-1.3660039908428965,0.26069455497292826
0.21521521521521522,1.2596718354556469,0.2308512389898289,-1.369935375565384,0.25967183545564687
0.21621621621621623,1.2586499474034274,0.23003967621396565,-1.3738790554819904,0.2586499474034274
0.2172172172172172,1.2576288901325232,0.2292281148625649,-1.3778351179081918,0.2576288901325232
0.2182182182182182,1.2566086629597613,0.22841655493060606,-1.3818036510883418,0.25660866295976126
0.21921921921921922,1.2555892652025415,0.22760499641306867,-1.385784744208894,0.25558926520254155
0.22022022022022023,1.2545706961788365,0.22679343930493198,-1.3897784874118602,0.25457069617883654
0.22122122122122123,1.2535529552071911,0.22598188360117555,-1.3937849718085107,0.2535529552071911
0.2222222222222222,1.2525360416067215,0.2251703292967787,-1.3978042894933207,0.2525360416067215
0.22322322322322322,1.2515199546971145,0.22435877638672033,-1.4018365335581675,0.2515199546971145
0.22422422422422422,1.2505046937986284,0.2235472248659799,-1.4058817981067862,0.2505046937986284
0.22522522522522523,1.2494902582320913,0.22273567472953673,-1.4099401782694871,0.24949025823209126
0.22622622622622623,1.2484766473189006,0.22192412597236985,-1.4140117702181436,0.24847664731890062
0.2272272272272272,1.2474638603810233,0.22111257858945846,-1.4180966711814509,0.2474638603810233
0.22822822822822822,1.2464518967409943,0.22030103257578132,-1.4221949794604702,0.24645189674099433
0.22922922922922923,1.2454407557219174,0.21948948792631756,-1.4263067944444547,0.24544075572191737
0.23023023023023023,1.244430436647464,0.21867794463604645,-1.4304322166269727,0.2444304366474639
0.23123123123123124,1.243420938841872,0.2178664026999467,-1.4345713476223276,0.243420938841872
0.23223223223223222,1.2424122616299467,0.21705486211299718,-1.438724290182286,0.24241226162994667
0.23323323323323322,1.2414044043370591,0.21624332287017678,-1.4428911482131184,0.24140440433705912
0.23423423423423423,1.2403973662891459,0.215431784966464,-1.4470720267929595,0.24039736628914588
0.23523523523523523,1.23939114681271,0.2146202483968383,-1.4512670321894974,0.2393911468127099
0.23623623623623624,1.2383857452348175,0.21380871315627797,-1.4554762718779974,0.23838574523481748
0.23723723723723725,1.2373811608830998,0.21299717923976175,-1.4596998545596673,0.2373811608830998
0.23823823823823823,1.2363773930857518,0.21218564664226838,-1.4639378901803752,0.23637739308575179
0.23923923923923923,1.235374441171531,0.21137411535877607,-1.4681904899497247,0.23537444117153106
0.24024024024024024,1.2343723044697594,0.2105625853842641,-1.4724577663604959,0.23437230446975943
0.24124124124124124,1.2333709823103196,0.2097510567137106,-1.4767398332084642,0.2333709823103196
0.24224224224224225,1.2323704740236565,0.20893952934209403,-1.4810368056126013,0.23237047402365651
0.24324324324324323,1.2313707789407766,0.20812800326439287,-1.48534880003567,0.23137077894077662
0.24424424424424424,1.230371896393247,0.20731647847558551,-1.4896759343052206,0.23037189639324707
0.24524524524524524,1.2293738257131959,0.20650495497065066,-1.4940183276349999,0.22937382571319587
0.24624624624624625,1.2283765662333102,0.20569343274456633,-1.4983761006467808,0.22837656623331015
0.24724724724724725,1.2273801172868368,0.2048819117923109,-1.502749375392624,0.22738011728683682
0.24824824824824826,1.2263844782075817,0.20407039210886257,-1.5071382753775806,0.22638447820758167
0.24924924924924924,1.2253896483299087,0.20325887368919937,-1.5115429255828479,0.2253896483299087
0.2502502502502503,1.2243956269887408,0.20244735652830007,-1.5159634524893881,0.22439562698874083
0.25125125125125125,1.2234024135195574,0.20163584062114245,-1.5203999841020195,0.22340241351955736
0.25225225225225223,1.222410007258395,0.20082432596270464,-1.5248526499739972,0.222410007258395
0.25325325325325326,1.2214184075418468,0.20001281254796457,-1.5293215812320875,0.22141840754184683
0.25425425425425424,1.2204276137070624,0.19920130037190054,-1.5338069106021537,0.22042761370706243
0.2552552552552553,1.2194376250917465,0.19838978942949037,-1.5383087724352653,0.21943762509174647
0.25625625625625625,1.2184484410341592,0.19757827971571226,-1.5428273027343382,0.21844844103415917
0.25725725725725723,1.2174600608731148,0.19676677122554387,-1.5473626391813287,0.21746006087311476
0.25825825825825827,1.2164724839479821,0.19595526395396323,-1.551914921164985,0.21647248394798213
0.25925925925925924,1.2154857095986833,0.19514375789594793,-1.5564842898091749,0.2154857095986833
0.2602602602602603,1.2144997371656943,0.19433225304647617,-1.5610708880018067,0.21449973716569426
0.26126126126126126,1.213514565990043,0.1935207494005255,-1.565674860424351,0.21351456599004304
0.26226226226226224,1.21253019541331,0.19270924695307365,-1.5702963535819863,0.21253019541331009
0.26326326326326327,1.2115466247776279,0.19189774569909854,-1.5749355158343787,0.21154662477762787
0.26426426426426425,1.2105638534256795,0.1910862456335775,-1.5795924974271132,0.21056385342567951
0.2652652652652653,1.2095818807006997,0.1902747467514885,-1.584267450523796,0.20958188070069972
0.26626626626626626,1.208600705946473,0.18946324904780892,-1.5889605292388396,0.20860070594647295
0.26726726726726724,1.2076203285073337,0.1886517525175163,-1.5936718896709554,0.2076203285073337
0.2682682682682683,1.2066407477281662,0.18784025715558847,-1.598401689937365,0.2066407477281662
0.26926926926926925,1.2056619629544025,0.18702876295700227,-1.6031500902087514,0.20566196295440253
0.2702702702702703,1.204683973532025,0.18621726991673596,-1.607917252744975,0.20468397353202494
0.27127127127127126,1.2037067788075622,0.18540577802976652,-1.612703341931562,0.20370677880756216
0.27227227227227224,1.202730378128091,0.18459428729107133,-1.6175085243170004,0.20273037812809092
0.2732732732732733,1.2017547708412353,0.18378279769562797,-1.6223329686508534,0.20175477084123528
0.27427427427427425,1.2007799562951649,0.18297130923841318,-1.6271768459227143,0.20077995629516487
0.2752752752752753,1.1998059338385971,0.18215982191440502,-1.632040329402033,0.19980593383859713
0.27627627627627627,1.1988327028207935,0.18134833571858025,-1.6369235946788252,0.19883270282079346
0.2772772772772773,1.1978602625915613,0.18053685064591626,-1.6418268197052996,0.1978602625915613
0.2782782782782783,1.1968886125012528,0.17972536669139041,-1.6467501848384176,0.19688861250125278
0.27927927927927926,1.195917751900763,0.1789138838499791,-1.6516938728834212,0.1959177519007631
0.2802802802802803,1.1949476801415333,0.17810240211666042,-1.656658069138346,0.1949476801415333
0.28128128128128127,1.1939783965755457,0.1772909214864108,-1.6616429614395514,0.19397839657554572
0.2822822822822823,1.1930099005553263,0.17647944195420723,-1.666648740208298,0.1930099005553263
0.2832832832832833,1.192042191433944,0.1756679635150274,-1.6716755984983929,0.19204219143394408
0.28428428428428426,1.1910752685650086,0.17485648616384766,-1.676723732044944,0.19107526856500856
0.2852852852852853,1.1901091313026715,0.17404500989564514,-1.681793339314243,0.19010913130267149
0.2862862862862863,1.1891437790016255,0.1732335347053968,-1.686884621554816,0.1891437790016255
0.2872872872872873,1.1881792110171034,0.17242206058807935,-1.6919977828496746,0.18817921101710344
0.2882882882882883,1.187215426704879,0.17161058753867015,-1.6971330301697936,0.1872154267048789
0.28928928928928926,1.1862524254212636,0.17079911555214525,-1.7022905734288627,0.18625242542126363
0.2902902902902903,1.1852902065231101,0.1699876446234821,-1.707470625539338,0.18529020652311012
0.2912912912912913,1.1843287693678082,0.169176174747657,-1.712673402469833,0.18432876936780818
0.2922922922922923,1.1833681133132865,0.16836470591964692,-1.717899123303895,0.1833681133132865
0.2932932932932933,1.1824082377180116,0.16755323813442874,-1.723148010300194,0.18240823771801162
0.29429429429429427,1.1814491419409863,0.16674177138697854,-1.728420288954179,0.18144914194098627
0.2952952952952953,1.1804908253417512,0.16593030567227343,-1.7337161880612335,0.1804908253417512
0.2962962962962963,1.1795332872803828,0.16511884098528984,-1.7390359397813806,0.17953328728038276
0.2972972972972973,1.178576527117493,0.16430737732100406,-1.7443797797055836,0.17857652711749306
0.2982982982982983,1.177620544214231,0.16349591467439348,-1.7497479469236834,0.1776205442142309
0.29929929929929927,1.1766653379322778,0.16268445304043358,-1.7551406840940311,0.1766653379322778
0.3003003003003003,1.1757109076338517,0.16187299241410144,-1.7605582375148583,0.17571090763385167
0.3013013013013013,1.1747572526817036,0.16106153279037339,-1.7660008571974393,0.1747572526817036
0.3023023023023023,1.173804372439118,0.16025007416422551,-1.7714687969411054,0.17380437243911806
0.3033033033033033,1.172852266269914,0.15943861653063504,-1.7769623144101585,0.1728522662699139
0.30430430430430433,1.1719009335384403,0.15862715988457715,-1.7824816712127511,0.17190093353844027
0.3053053053053053,1.170950373609581,0.15781570422102909,-1.7880271329817832,0.17095037360958099
0.3063063063063063,1.1700005858487503,0.15700424953496703,-1.7935989694578915,0.17000058584875033
0.3073073073073073,1.1690515696218935,0.15619279582136672,-1.7991974545745821,0.1690515696218935
0.3083083083083083,1.1681033242954877,0.15538134307520504,-1.8048228665455832,0.1681033242954877
0.30930930930930933,1.167155849236539,0.15456989129145746,-1.8104754879544858,0.16715584923653903
0.3103103103103103,1.166209143812585,0.1537584404651008,-1.8161556058467392,0.166209143812585
0.3113113113113113,1.1652632073916918,0.15294699059111103,-1.8218635118240853,0.16526320739169176
0.3123123123123123,1.1643180393424541,0.15213554166446402,-1.8275995021415015,0.16431803934245415
0.3133133133133133,1.1633736390339966,0.15132409368013638,-1.8333638778067338,0.1633736390339966
0.31431431431431434,1.1624300058359704,0.15051264663310368,-1.839156944682513,0.16243000583597045
0.3153153153153153,1.1614871391185553,0.14970120051834204,-1.8449790135915227,0.16148713911855528
0.3163163163163163,1.160545038252458,0.1488897553308277,-1.8508304004242306,0.16054503825245803
0.3173173173173173,1.1596037026089117,0.14807831106553623,-1.8567114262496585,0.15960370260891166
0.3183183183183183,1.1586631315596765,0.14726686771744413,-1.8626224174291974,0.15866313155967648
0.31931931931931934,1.1577233244770375,0.14645542528152686,-1.8685637057335702,0.15772332447703752
0.3203203203203203,1.1567842807338058,0.1456439837527605,-1.874535628463037,0.1567842807338058
0.3213213213213213,1.1558459997033173,0.14483254312612098,-1.8805385285709646,0.15584599970331725
0.32232232232232233,1.1549084807594319,0.14402110339658392,-1.8865727547908628,0.15490848075943187
0.3233233233233233,1.1539717232765343,0.14320966455912545,-1.8926386617670108,0.1539717232765343
0.32432432432432434,1.153035726629532,0.14239822660872095,-1.8987366101887948,0.1530357266295319
0.3253253253253253,1.152100490193856,0.14158678954034648,-1.9048669669288836,0.15210049019385607
0.3263263263263263,1.1511660133454604,0.14077535334897778,-1.9110301051853753,0.15116601334546043
0.32732732732732733,1.1502322954608206,0.1399639180295904,-1.9172264046280516,0.15023229546082062
0.3283283283283283,1.1492993359169346,0.1391524835771602,-1.923456251548883,0.14929933591693456
0.32932932932932935,1.1483671340913209,0.13834104998666258,-1.9297200390169384,0.14836713409132085
0.3303303303303303,1.1474356893620195,0.13752961725307322,-1.9360181670378462,0.14743568936201945
0.3313313313313313,1.146505001107591,0.13671818537136807,-1.9423510427179764,0.14650500110759102
0.33233233233233234,1.1455750687071151,0.1359067543365221,-1.9487190804335088,0.14557506870711512
0.3333333333333333,1.1446458915401925,0.13509532414351172,-1.955122702004561,0.14464589154019247
0.33433433433433435,1.143717468986941,0.13428389478731148,-1.9615623368745654,0.14371746898694093
0.3353353353353353,1.1427898004279986,0.13347246626289747,-1.968038422295077,0.1427898004279986
0.3363363363363363,1.1418628852445212,0.13266103856524505,-1.9745514035162202,0.14186288524452118
0.33733733733733734,1.1409367228181821,0.1318496116893297,-1.9811017339829753,0.14093672281818215
0.3383383383383383,1.1400113125311722,0.13103818563012679,-1.9876898755375223,0.14001131253117216
0.33933933933933935,1.139086653766199,0.13022676038261172,-1.9943162986278726,0.139086653766199
0.34034034034034033,1.1381627459064867,0.12941533594175988,-2.000981482523015,0.1381627459064867
0.34134134134134136,1.1372395883357753,0.12860391230254664,-2.0076859155348354,0.13723958833577532
0.34234234234234234,1.13631718043832,0.12779248945994695,-2.014430095247049,0.13631718043832008
0.3433433433433433,1.1353955215988927,0.126981067408937,-2.0212145287514325,0.13539552159889268
0.34434434434434436,1.1344746112027775,0.12616964614449122,-2.0280397328916253,0.13447461120277748
0.34534534534534533,1.1335544486357745,0.12535822566158525,-2.034906234514791,0.13355444863577448
0.34634634634634637,1.132635033284197,0.1245468059551943,-2.041814570731458,0.132635033284197
0.34734734734734735,1.1317163645348713,0.12373538702029326,-2.048765289183844,0.13171636453487134
0.3483483483483483,1.1307984417751378,0.12292396885185798,-2.0557589483230125,0.13079844177513777
0.34934934934934936,1.1298812643928475,0.12211255144486294,-2.0627961176952048,0.12988126439284753
0.35035035035035034,1.1289648317763652,0.12130113479428378,-2.069877378237715,0.1289648317763652
0.35135135135135137,1.128049143314566,0.12048971889509541,-2.0770033225846976,0.12804914331456607
0.35235235235235235,1.1271341983968364,0.11967830374227245,-2.0841745553833038,0.12713419839683637
0.3533533533533533,1.1262199964130746,0.11886688933079098,-2.0913916936205723,0.12621999641307458
0.35435435435435436,1.1253065367536874,0.1180554756556252,-2.098655366961516,0.12530653675368741
0.35535535535535534,1.1243938188095928,0.11724406271175053,-2.105966218098861,0.12439381880959277
0.3563563563563564,1.1234818419722175,0.11643265049414195,-2.1133249031149433,0.12348184197221745
0.35735735735735735,1.122570605633497,0.11562123899777418,-2.1207320918562407,0.12257060563349698
0.35835835835835833,1.1216601091858762,0.11480982821762274,-2.128188468321111,0.12166010918587622
0.35935935935935936,1.1207503520223068,0.11399841814866186,-2.135694731061269,0.12075035202230677
0.36036036036036034,1.1198413335362492,0.11318700878586697,-2.1432515935976033,0.11984133353624915
0.3613613613613614,1.1189330531216704,0.11237560012421276,-2.150859784850957,0.11893305312167035
0.36236236236236236,1.118025510173044,0.11156419215867391,-2.1585200495885095,0.11802551017304408
0.36336336336336333,1.1171187040853514,0.110752784884226,-2.166233148886455,0.11711870408535141
0.36436436436436437,1.1162126342540775,0.10994137829584291,-2.173999860609688,0.11621263425407746
0.36536536536536535,1.1153073000752145,0.10912997238850003,-2.1818209799092614,0.1153073000752145
0.3663663663663664,1.1144027009452593,0.10831856715717227,-2.189697319738398,0.11440270094525928
0.36736736736736736,1.1134988362612124,0.10750716259683377,-2.1976297113879104,0.11349883626121238
0.3683683683683684,1.11259570542058,0.10669575870245998,-2.2056190050418953,0.11259570542057995
0.36936936936936937,1.1116933078213707,0.10588435546902521,-2.2136660703546442,0.11169330782137066
0.37037037037037035,1.1107916428620972,0.10507295289150441,-2.2217717970497395,0.1107916428620972
0.3713713713713714,1.1098907099417745,0.104261550964872,-2.2299370955423736,0.10989070994177452
0.37237237237237236,1.1089905084599205,0.10345014968410278,-2.238162897585976,0.10899050845992053
0.3733733733733734,1.108091037816555,0.1026387490441714,-2.246450156944305,0.10809103781655494
0.3743743743743744,1.1071922974121993,0.10182734904005275,-2.2547998500902002,0.10719229741219927
0.37537537537537535,1.1062942866478755,0.10101594966672103,-2.2632129769322993,0.10629428664787555
0.3763763763763764,1.1053970049251072,0.10020455091915109,-2.271690561571046,0.10539700492510717
0.37737737737737737,1.1045004516459174,0.09939315279231732,-2.2802336530854372,0.10450045164591737
0.3783783783783784,1.1036046262128298,0.09858175528119467,-2.2888433263520187,0.10360462621282984
0.3793793793793794,1.1027095280288666,0.09777035838075702,-2.297520682897715,0.10270952802886657
0.38038038038038036,1.10181515649755,0.0969589620859796,-2.3062668517882035,0.10181515649755002
0.3813813813813814,1.1009215110229,0.09614756639183653,-2.315082990553614,0.10092151102290003
0.38238238238238237,1.1000285910094347,0.09533617129330203,-2.323970286153452,0.10002859100943473
0.3833833833833834,1.099136395862171,0.09452477678535122,-2.3329299559827623,0.09913639586217093
0.3843843843843844,1.0982449249866215,0.09371338286295805,-2.34196324892166,0.09824492498662152
0.38538538538538536,1.097354177788797,0.09290198952109717,-2.3510714464305016,0.09735417778879696
0.3863863863863864,1.0964641536752038,0.0920905967547428,-2.360255863693084,0.09646415367520378
0.38738738738738737,1.0955748520528448,0.09127920455886945,-2.369517850810432,0.09557485205284477
0.3883883883883884,1.0946862723292186,0.0904678129284518,-2.378858794047886,0.09468627232921856
0.3893893893893894,1.093798413912318,0.08965642185846368,-2.38828011713836,0.09379841391231802
0.39039039039039036,1.0929112762106317,0.08884503134387972,-2.397783282644849,0.09291127621063167
0.3913913913913914,1.092024858633142,0.08803364137967432,-2.407369793385432,0.09202485863314203
0.3923923923923924,1.091139160589325,0.08722225196082135,-2.417041193924253,0.09113916058932503
0.3933933933933934,1.0902541814891513,0.08641086308229586,-2.4267990721321797,0.09025418148915132
0.3943943943943944,1.0893699207430831,0.08559947473907153,-2.4366450608210766,0.08936992074308314
0.39539539539539537,1.0884863777620761,0.08478808692612276,-2.4465808394559074,0.08848637776207613
0.3963963963963964,1.087603551957578,0.08397669963842379,-2.4566081359491534,0.08760355195757796
0.3973973973973974,1.0867214427415282,0.08316531287094886,-2.46672872854234,0.08672144274152815
0.3983983983983984,1.0858400495263576,0.08235392661867229,-2.4769444477798066,0.0858400495263576
0.3993993993993994,1.084959371724988,0.08154254087656813,-2.4872571785801827,0.08495937172498791
0.40040040040040037,1.0840794087508316,0.08073115563961086,-2.497668862411453,0.08407940875083164
0.4014014014014014,1.0832001600177907,0.07991977090277427,-2.508181499575873,0.08320016001779074
0.4024024024024024,1.0823216249402572,0.07910838666103247,-2.5187971516114684,0.08232162494025719
0.4034034034034034,1.0814438029331128,0.07829700290936012,-2.5295179438173347,0.08144380293311282
0.4044044044044044,1.080566693411727,0.07748561964273074,-2.5403460679104612,0.08056669341172706
0.40540540540540543,1.0796902957919587,0.0766742368561187,-2.5512837848224046,0.07969029579195874
0.4064064064064064,1.0788146094901547,0.07586285454449845,-2.5623334276447216,0.07881460949015473
0.4074074074074074,1.0779396339231484,0.07505147270284344,-2.573497404732776,0.0779396339231484
0.4084084084084084,1.0770653685082614,0.07424009132612808,-2.584778202978231,0.0770653685082614
0.4094094094094094,1.0761918126633017,0.0734287104093264,-2.596178391261367,0.07619181266330166
0.41041041041041043,1.0753189658065634,0.07261732994741234,-2.6077006240952025,0.07531896580656339
0.4114114114114114,1.074446827356827,0.07180594993536019,-2.6193476454743525,0.07444682735682706
0.4124124124124124,1.073575396733358,0.07099457036814348,-2.6311222929425924,0.07357539673335789
0.4134134134134134,1.0727046733559071,0.07018319124073669,-2.643027501894197,0.07270467335590713
0.4144144144144144,1.07183465664471,0.06937181254811349,-2.655066310125374,0.0718346566447099
0.41541541541541543,1.070965346020486,0.06856043428524797,-2.667241862653458,0.07096534602048599
0.4164164164164164,1.070096740904439,0.06774905644711425,-2.679557416822965,0.07009674090443907
0.4174174174174174,1.0692288407182555,0.06693767902868578,-2.6920163477192744,0.06922884071825552
0.4184184184184184,1.068361644884106,0.06612630202493716,-2.704622153912434,0.06836164488410601
0.4194194194194194,1.0674951528246424,0.06531492543084172,-2.7173784635555402,0.06749515282464236
0.42042042042042044,1.0666293639629996,0.06450354924137364,-2.730289040864311,0.06662936396299957
0.4214214214214214,1.0657642777227943,0.06369217345150699,-2.743357793006772,0.06576427772279425
0.4224224224224224,1.0648998935281235,0.06288079805621503,-2.7565887774346405,0.06489989352812353
0.42342342342342343,1.064036210803567,0.062069423050472486,-2.7699862096908032,0.06403621080356703
0.4244244244244244,1.0631732289741833,0.061258048429252594,-2.783554471730486,0.06317322897418332
0.42542542542542544,1.062310947465512,0.06044667418752935,-2.7972981207972234,0.06231094746551191
0.4264264264264264,1.061449365703572,0.05963530032027668,-2.8112218988986015,0.061449365703571956
0.4274274274274274,1.0605884831148618,0.05882392682246838,-2.825330742931088,0.06058848311486176
0.42842842842842843,1.0597282991263586,0.058012553689078275,-2.8396297955080394,0.059728299126358575
0.4294294294294294,1.058868813165518,0.05720118091508006,-2.854124416550313,0.05886881316551795
0.43043043043043044,1.0580100246602737,0.05638980849544759,-2.868820195704871,0.05801002466027372
0.4314314314314314,1.0571519330390373,0.05557843642515469,-2.8837229656633636,0.05715193303903732
0.43243243243243246,1.0562945377306974,0.05476706469917511,-2.8988388164601315,0.05629453773069737
0.43343343343343343,1.0554378381646192,0.0539556933124825,-2.9141741108373296,0.055437838164619224
0.4344344344344344,1.0545818337706452,0.05314432226005098,-2.9297355007742123,0.05458183377064518
0.43543543543543545,1.0537265239790925,0.05233295153685369,-2.945529945288042,0.0537265239790925
0.4364364364364364,1.0528719082207554,0.051521581137864994,-2.9615647296258554,0.05287190822075538
0.43743743743743746,1.0520179859269019,0.05071021105805798,-2.977847485979578,0.05201798592690188
0.43843843843843844,1.051164756529276,0.049898841292406924,-2.9943862158719132,0.0511647565292761
0.4394394394394394,1.0503122194600958,0.049087471835885375,-3.011189314377383,0.050312219460095786
0.44044044044044045,1.0494603741520523,0.048276102683466514,-3.0282655963620577,0.04946037415205229
0.44144144144144143,1.0486092200383121,0.04746473383012504,-3.04562432494729,0.04860922003831214
0.44244244244244246,1.0477587565525128,0.04665336527083354,-3.063275242427586,0.04775875655251283
0.44344344344344344,1.0469089831287666,0.045841997000566466,-3.0812286039009495,0.04690898312876657
0.4444444444444444,1.0460598992016568,0.045030629014297135,-3.099495213902413,0.04605989920165676
0.44544544544544545,1.0452115042062389,0.04421926130699894,-3.118086466368406,0.04521150420623887
0.44644644644644643,1.044363797578041,0.04340789387364643,-3.137014388302134,0.0443637975780411
0.44744744744744747,1.0435167787530606,0.042596526709212025,-3.156291687559045,0.04351677875306059
0.44844844844844844,1.0426704471677675,0.04178515980867025,-3.175931805227847,0.04267044716776747
0.4494494494494494,1.041824802259101,0.040973793166994524,-3.1959489731478783,0.04182480225910101
0.45045045045045046,1.0409798434644701,0.040162426779157955,-3.2163582771793013,0.040979843464470145
0.45145145145145144,1.0401355702217547,0.03935106064013499,-3.2371757269307184,0.040135570221754735
0.45245245245245247,1.0392919819693023,0.03853969474489862,-3.2584183327515914,0.03929198196930228
0.45345345345345345,1.0384490781459297,0.037728329088422496,-3.2801041909170925,0.03844907814592968
0.4544544544544544,1.0376068581909224,0.03691696366568041,-3.3022525780742695,0.037606858190922354
0.45545545545545546,1.036765321544033,0.03610559847164544,-3.3248840561846795,0.03676532154403289
0.45645645645645644,1.0359244676454828,0.03529423350129201,-3.3480205893952366,0.03592446764548285
0.4574574574574575,1.0350842959359592,0.03448286874959289,-3.371685674502187,0.03508429593595919
0.45845845845845845,1.0342448058566167,0.03367150421152192,-3.3959044869506485,0.03424480585661671
0.45945945945945943,1.0334059968490765,0.032860139882052906,-3.4207040446439976,0.033405996849076525
0.46046046046046046,1.0325678683554247,0.03204877575615867,-3.4461133922354397,0.03256786835542469
0.46146146146146144,1.0317304198182145,0.03123741182881367,-3.4721638090540248,0.03173041981821445
0.4624624624624625,1.0308936506804625,0.030426048094990644,-3.498889044398265,0.03089365068046246
0.46346346346346345,1.0300575603856512,0.029614684549663425,-3.5263255846370645,0.030057560385651216
0.46446446446446443,1.0292221483777273,0.02880332118780557,-3.554512957421434,0.029222148377727297
0.46546546546546547,1.0283874141011011,0.02799195800439054,-3.5834940793716026,0.028387414101101127
0.46646646646646645,1.027553357000647,0.0271805949943921,-3.61331565491523,0.027553357000646983
0.4674674674674675,1.0267199765217014,0.02636923215278316,-3.644028635581526,0.02671997652170144
0.46846846846846846,1.0258872721100647,0.025557869474537493,-3.67568875109264,0.025887272110064696
0.4694694694694695,1.0250552432119995,0.02474650695462902,-3.7083571261563315,0.02505524321199948
0.47047047047047047,1.024223889274229,0.02393514458803024,-3.7421010001102686,0.024223889274229027
0.47147147147147145,1.0233932097439404,0.023123782369715892,-3.7769945707110812,0.023393209743940435
0.4724724724724725,1.0225632040687795,0.022312420294658335,-3.8131199886885283,0.02256320406877954
0.47347347347347346,1.0217338716968547,0.021501058357831622,-3.850568536592393,0.0217338716968547
0.4744744744744745,1.020905212076734,0.020689696554209065,-3.8894420344942873,0.020905212076733903
0.4754754754754755,1.0200772246574452,0.01987833487876406,-3.9298545270350957,0.020077224657445214
0.47647647647647645,1.0192499088884768,0.019066973326470473,-3.9719343222182237,0.019249908888476774
0.4774774774774775,1.0184232642197748,0.018255611892301057,-4.015826473798415,0.018423264219774804
0.47847847847847846,1.0175972901017454,0.01744425057122959,-4.061695828375955,0.017597290101745378
0.4794794794794795,1.016771985985253,0.016632889358229947,-4.109730798728773,0.01677198598525309
0.4804804804804805,1.0159473513216193,0.01582152824827474,-4.160148081532222,0.015947351321619285
0.48148148148148145,1.0151233855626247,0.015010167236338325,-4.213198618114111,0.015123385562624714
0.4824824824824825,1.0143000881605055,0.01419880631739326,-4.269175213235527,0.014300088160505542
0.48348348348348347,1.0134774585679565,0.013387445486413737,-4.328422398097653,0.013477458567956457
0.4844844844844845,1.0126554962381273,0.012576084738372701,-4.391349380793238,0.01265549623812734
0.4854854854854855,1.0118342006246246,0.011764724068243537,-4.458447321883674,0.011834200624624591
0.48648648648648646,1.011013571181511,0.01095336347100024,-4.530312793337568,0.011013571181510917
0.4874874874874875,1.0101936073633029,0.010142002941615392,-4.607680282827904,0.010193607363302881
0.48848848848848847,1.0093743086249736,0.009330642475063173,-4.691468281006088,0.00937430862497357
0.4894894894894895,1.0085556744219495,0.008519282066316677,-4.782846389338357,0.008555674421949488
0.4904904904904905,1.0077377042101114,0.007707921710349176,-4.883336118911761,0.00773770421011144
0.49149149149149146,1.0069203974457945,0.006896561402134495,-4.9949679659307735,0.006920397445794535
0.4924924924924925,1.0061037535857864,0.006085201136645651,-5.120537261688427,0.006103753585786409
0.4934934934934935,1.0052877720873283,0.005273840908856326,-5.264044199030082,0.005287772087328335
0.4944944944944945,1.004472452408114,0.004462480713739941,-5.431504318294072,0.004472452408113892
0.4954954954954955,1.0036577940062883,0.003651120546269365,-5.632580989259366,0.003657794006288295
0.4964964964964965,1.00284379634045,0.0028397604014188563,-5.884301333948255,0.0028437963404499556
0.4974974974974975,1.0020304588696474,0.0020284002741613487,-6.221179427884762,0.002030458869647367
0.4984984984984985,1.0012177810533804,0.0012170401594701634,-6.732410849875869,0.00121778105338044
0.4994994994994995,1.0004057623516,0.0004056800523189512,-7.8314288776814855,0.0004057623516000586
0.5005005005005005,0.999594402224707,-0.000405680052319031,-7.831834557733694,0.00040559777529303176
0.5015015015015015,0.9987837001335521,-0.0012170401594702024,-6.733627890035339,0.0012162998664478897
0.5025025025025025,0.9979736555394356,-0.002028400274161273,-6.223207828158922,0.0020263444605643777
0.5035035035035035,0.9971642679041068,-0.00283976040141886,-5.887141094349674,0.002835732095893162
0.5045045045045045,0.996355536689764,-0.0036511205462694345,-5.636232109805648,0.0036444633102360457
0.5055055055055055,0.9955474613590531,-0.00446248071373983,-5.435966799007803,0.004452538640946857
0.5065065065065065,0.9947400413750691,-0.005273840908856297,-5.2693180399389385,0.005259958624930894
0.5075075075075075,0.9939332762013535,-0.006085201136645684,-5.126622462825073,0.006066723798646478
0.5085085085085085,0.9931271653018957,-0.0068965614021343795,-5.0018645273329145,0.006872834698104291
0.5095095095095095,0.9923217081411314,-0.007707921710349158,-4.891044040622116,0.007678291858868591
0.5105105105105106,0.9915169041839429,-0.008519282066316683,-4.791365671404669,0.008483095816057107
0.5115115115115115,0.990712752895659,-0.009330642475063121,-4.700798923481151,0.009287247104341034
0.5125125125125125,0.9899092537420533,-0.01014200294161544,-4.61782228576952,0.010090746257946703
0.5135135135135135,0.9891064061893454,-0.010953363471000012,-4.541266156808573,0.010893593810654578
0.5145145145145145,0.9883042097041994,-0.011764724068243576,-4.4702120459519215,0.01169579029580059
0.5155155155155156,0.9875026637537241,-0.012576084738372633,-4.403925465531607,0.012497336246275914
0.5165165165165165,0.9867017678054725,-0.013387445486413616,-4.341809843584067,0.013298232194527526
0.5175175175175175,0.985901521327441,-0.014198806317393297,-4.28337401955292,0.014098478672558978
0.5185185185185185,0.9851019237880698,-0.015010167236338178,-4.228208785350453,0.014898076211930178
0.5195195195195195,0.984302974656242,-0.015821528248274777,-4.1759696097805,0.015697025343758053
0.5205205205205206,0.9835046734012829,-0.01663288935822982,-4.126363688087,0.01649532659871711
0.5215215215215215,0.9827070194929607,-0.017444250571229725,-4.0791400789471846,0.017292980507039313
0.5225225225225225,0.9819100124014851,-0.018255611892301023,-4.034082085690716,0.01808998759851488
0.5235235235235235,0.9811136515975075,-0.01906697332647019,-3.9910012955446965,0.01888634840249248
0.5245245245245245,0.98031793655212,-0.019878334878764062,-3.949732861913862,0.019682063447880038
0.5255255255255256,0.9795228667368557,-0.020689696554209,-3.910131731048494,0.020477133263144265
0.5265265265265265,0.9787284416236882,-0.02150105835783162,-3.8720695949502244,0.021271558376311783
0.5275275275275275,0.977934660685031,-0.022312420294658318,-3.8354324089831864,0.022065339314969012
0.5285285285285285,0.977141523393737,-0.023123782369715667,-3.8001183530807987,0.022858476606262945
0.5295295295295295,0.9763490292230985,-0.023935144588030383,-3.7660361446983006,0.02365097077690148
0.5305305305305306,0.9755571776468466,-0.024746506954628922,-3.7331036331109586,0.024442822353153426
0.5315315315315315,0.9747659681391511,-0.025557869474537576,-3.7012466205671775,0.025234031860848938
0.5325325325325325,0.9739754001746195,-0.02636923215278309,-3.670397867734309,0.026024599825380523
0.5335335335335335,0.9731854732282973,-0.027180594994391953,-3.6404962499096234,0.026814526771702707
0.5345345345345345,0.9723961867756674,-0.02799195800439058,-3.611486037375995,0.027603813224332585
0.5355355355355356,0.9716075402926494,-0.02880332118780572,-3.5833162786092396,0.028392459707350604
0.5365365365365365,0.9708195332556,-0.0296146845496635,-3.5559402691867277,0.029180466744400002
0.5375375375375375,0.9700321651413116,-0.03042604809499066,-3.5293150924932557,0.02996783485868837
0.5385385385385385,0.9692454354270129,-0.03123741182881357,-3.50340122088284,0.030754564572987086
0.5395395395395395,0.9684593435903678,-0.03204877575615878,-3.4781621679916,0.03154065640963222
0.5405405405405406,0.9676738891094754,-0.03286013988205276,-3.45356418452605,0.03232611089052462
0.5415415415415415,0.9668890714628695,-0.03367150421152205,-3.429575991162171,0.03311092853713049
0.5425425425425425,0.9661048901295186,-0.034482868749592915,-3.4061685432517796,0.03389510987048139
0.5435435435435435,0.9653213445888248,-0.035294233501291974,-3.38331482289653,0.03467865541117521
0.5445445445445445,0.964538434320624,-0.036105598471645614,-3.3609896546563265,0.03546156567937597
0.5455455455455456,0.9637561588051854,-0.03691696366568037,-3.33916954173995,0.03624384119481461
0.5465465465465466,0.9629745175232112,-0.03772832908842245,-3.317832520005515,0.03702548247678883
0.5475475475475475,0.9621935099558356,-0.03853969474489862,-3.29695802749649,0.037806490044164365
0.5485485485485485,0.9614131355846258,-0.03935106064013501,-3.2765267875708544,0.03858686441537418
0.5495495495495496,0.9606333938915801,-0.04016242677915822,-3.2565207039584583,0.03936660610841991
0.5505505505505506,0.9598542843591286,-0.040973793166994496,-3.2369227663148727,0.04014571564087144
0.5515515515515516,0.9590758064701321,-0.04178515980867037,-3.217716965036517,0.04092419352986787
0.5525525525525525,0.9582979597078826,-0.04259652670921216,-3.198888214268257,0.04170204029211744
0.5535535535535535,0.9575207435561018,-0.04340789387364629,-3.1804222821757815,0.04247925644389816
0.5545545545545546,0.9567441574989419,-0.04421926130699914,-3.1623057276754043,0.04325584250105807
0.5555555555555556,0.9559682010209843,-0.0450306290142971,-3.14452584291671,0.04403179897901566
0.5565565565565566,0.9551928736072399,-0.04584199700056647,-3.127070600901516,0.04480712639276008
0.5575575575575575,0.9544181747431483,-0.0466533652708336,-3.1099286076984196,0.04558182525685173
0.5585585585585585,0.9536441039145774,-0.0474647338301249,-3.093089058777416,0.046355896085422565
0.5595595595595596,0.9528706606078235,-0.04827610268346678,-3.0765416990455234,0.04712933939217645
0.5605605605605606,0.9520978443096109,-0.04908747183588526,-3.0602767862132683,0.04790215569038914
0.5615615615615616,0.9513256545070905,-0.049898841292406904,-3.04428505716432,0.0486743454929095
0.5625625625625625,0.9505540906878408,-0.05071021105805806,-3.028557697037636,0.0494459093121592
0.5635635635635635,0.949783152339867,-0.051521581137864834,-3.0130863107637214,0.05021684766013301
0.5645645645645646,0.9490128389516002,-0.05233295153685374,-2.9978628968248953,0.05098716104839984
0.5655655655655656,0.9482431500118977,-0.05314432226005088,-2.9828798230342635,0.05175684998810226
0.5665665665665666,0.9474740850100425,-0.053955693312482594,-2.968129804149812,0.05252591498995751
0.5675675675675675,0.9467056434357425,-0.05476706469917509,-2.9536058811593064,0.05329435656425752
0.5685685685685685,0.9459378247791306,-0.05557843642515463,-2.939301402088519,0.054062175220869424
0.5695695695695696,0.945170628530764,-0.05638980849544762,-2.9252100042003177,0.054829371469236055
0.5705705705705706,0.9444040541816243,-0.05720118091508001,-2.911325597465393,0.05559594581837568
0.5715715715715716,0.9436381012231168,-0.05801255368907818,-2.8976423491971177,0.056361898776883246
0.5725725725725725,0.9428727691470699,-0.05882392682246833,-2.884154669753557,0.057127230852930144
0.5735735735735735,0.9421080574457352,-0.059635300320276696,-2.8708571992188787,0.057891942554264775
0.5745745745745746,0.9413439656117872,-0.060446674187529394,-2.857744794984752,0.05865603438821276
0.5755755755755756,0.9405804931383225,-0.06125804842925261,-2.844812520159738,0.05941950686167752
0.5765765765765766,0.9398176395188595,-0.062069423050472486,-2.832055632741276,0.06018236048114045
0.5775775775775776,0.9390554042473386,-0.06288079805621517,-2.8194695754908565,0.060944595752661423
0.5785785785785785,0.9382937868181209,-0.06369217345150685,-2.8070499664582793,0.06170621318187908
0.5795795795795796,0.9375327867259887,-0.06450354924137376,-2.794792590105684,0.06246721327401128
0.5805805805805806,0.936772403466145,-0.06531492543084175,-2.7826933889863823,0.06322759653385501
0.5815815815815816,0.9360126365342124,-0.06612630202493713,-2.770748455937371,0.0639873634657876
0.5825825825825826,0.9352534854262339,-0.06693767902868585,-2.7589540267479613,0.06474651457376612
0.5835835835835835,0.9344949496386713,-0.06774905644711417,-2.7473064732700796,0.0655050503613287
0.5845845845845846,0.933737028668406,-0.06856043428524808,-2.7358022969387057,0.06626297133159398
0.5855855855855856,0.932979722012738,-0.06937181254811352,-2.7244381226734875,0.06702027798726196
0.5865865865865866,0.9322230291693855,-0.07018319124073674,-2.7132106931349336,0.06777697083061451
0.5875875875875876,0.9314669496364849,-0.07099457036814351,-2.702116863310737,0.06853305036351509
0.5885885885885885,0.93071148291259,-0.07180594993536012,-2.6911535954097134,0.06928851708741002
0.5895895895895896,0.929956628496672,-0.07261732994741248,-2.6803179540426143,0.07004337150332796
0.5905905905905906,0.9292023858881194,-0.07342871040932643,-2.6696071016706937,0.07079761411188057
0.5915915915915916,0.9284487545867367,-0.07424009132612816,-2.659018294304359,0.0715512454132633
0.5925925925925926,0.927695734092745,-0.0750514727028435,-2.6485488774356196,0.07230426590725503
0.5935935935935935,0.9269433239067811,-0.07586285454449836,-2.6381962821892206,0.07305667609321886
0.5945945945945946,0.9261915235298973,-0.07667423685611896,-2.6279580216785225,0.07380847647010269
0.5955955955955956,0.9254403324635614,-0.07748561964273083,-2.617831687553192,0.07455966753643861
0.5965965965965966,0.9246897502096556,-0.07829700290936001,-2.607814946726695,0.0753102497903444
0.5975975975975976,0.9239397762704766,-0.07910838666103252,-2.5979055382725016,0.07606022372952337
0.5985985985985985,0.9231904101487355,-0.07991977090277413,-2.588101270478648,0.07680958985126451
0.5995995995995996,0.9224416513475567,-0.08073115563961078,-2.5784000180510636,0.07755834865244327
0.6006006006006006,0.9216934993704785,-0.08154254087656825,-2.568799719456751,0.07830650062952149
0.6016016016016016,0.9209459537214519,-0.08235392661867229,-2.559298374398479,0.07905404627854806
0.6026026026026026,0.9201990139048407,-0.08316531287094883,-2.54989404141329,0.07980098609515929
0.6036036036036035,0.919452679425421,-0.08397669963842368,-2.5405848355875778,0.08054732057457903
0.6046046046046046,0.9187069497883806,-0.08478808692612277,-2.5313689263820303,0.08129305021161937
0.6056056056056056,0.9179618244993198,-0.08559947473907148,-2.522244535560148,0.08203817550068015
0.6066066066066066,0.9172173030642494,-0.08641086308229576,-2.5132099352144754,0.08278269693575058
0.6076076076076076,0.9164733849895912,-0.0872222519608215,-2.504263445885075,0.08352661501040881
0.6086086086086087,0.9157300697821779,-0.08803364137967426,-2.4954034347651057,0.08426993021782214
0.6096096096096096,0.9149873569492522,-0.08884503134387978,-2.486628313988729,0.08501264305074785
0.6106106106106106,0.9142452459984668,-0.08965642185846368,-2.4779365389968238,0.0857547540015332
0.6116116116116116,0.9135037364378839,-0.09046781292845178,-2.4693266069763378,0.08649626356211615
0.6126126126126126,0.9127628277759748,-0.09127920455886959,-2.460797055369302,0.08723717222402516
0.6136136136136137,0.9120225195216198,-0.0920905967547429,-2.4523464604478264,0.08797748047838017
0.6146146146146146,0.9112828111841077,-0.09290198952109716,-2.443973435951599,0.0887171888158923
0.6156156156156156,0.9105437022731352,-0.09371338286295805,-2.435676631784618,0.08945629772686481
0.6166166166166166,0.909805192298807,-0.09452477678535118,-2.4274547327681133,0.09019480770119304
0.6176176176176176,0.9090672807716351,-0.09533617129330205,-2.4193064574467544,0.09093271922836488
0.6186186186186187,0.9083299672025387,-0.09614756639183643,-2.4112305569454504,0.09167003279746133
0.6196196196196196,0.9075932511028438,-0.09695896208597951,-2.403225813874183,0.09240674889715617
0.6206206206206206,0.9068571319842826,-0.09777035838075715,-2.395291041278472,0.09314286801571736
0.6216216216216216,0.9061216093589938,-0.09858175528119452,-2.3874250816332134,0.09387839064100623
0.6226226226226226,0.905386682739521,-0.09939315279231742,-2.379626805877755,0.09461331726047895
0.6236236236236237,0.9046523516388141,-0.10020455091915113,-2.3718951124901966,0.09534764836118592
0.6246246246246246,0.9039186155702273,-0.10101594966672112,-2.3642289265990204,0.09608138442977265
0.6256256256256256,0.90318547404752,-0.10182734904005276,-2.356627199130253,0.09681452595247997
0.6266266266266266,0.9024529265848557,-0.10263874904417145,-2.3490889059884763,0.09754707341514435
0.6276276276276276,0.9017209726968015,-0.10345014968410274,-2.341613047270079,0.09827902730319849
0.6286286286286287,0.9009896118983287,-0.10426155096487204,-2.3341986465072453,0.09901038810167129
0.6296296296296297,0.900258843704812,-0.10507295289150428,-2.326844749941244,0.09974115629518798
0.6306306306306306,0.8995286676320284,-0.10588435546902521,-2.3195504258236697,0.10047133236797157
0.6316316316316316,0.8987990831961581,-0.10669575870245994,-2.3123147637443555,0.10120091680384191
0.6326326326326326,0.8980700899137832,-0.10750716259683377,-2.3051368739847446,0.10192991008621677
0.6336336336336337,0.8973416873018879,-0.10831856715717211,-2.2980158868955702,0.1026583126981121
0.6346346346346347,0.8966138748778579,-0.10912997238850011,-2.2909509522977616,0.10338612512214207
0.6356356356356356,0.8958866521594804,-0.10994137829584293,-2.2839412389055314,0.10411334784051962
0.6366366366366366,0.8951600186649431,-0.11075278488422578,-2.276985933770681,0.1048399813350569
0.6376376376376376,0.8944339739128345,-0.1115641921586739,-2.2700842417471843,0.10556602608716548
0.6386386386386387,0.8937085174221431,-0.11237560012421269,-2.26323538497517,0.10629148257785692
0.6396396396396397,0.8929836487122577,-0.11318700878586689,-2.2564386023834704,0.10701635128774234
0.6406406406406406,0.8922593673029662,-0.11399841814866181,-2.249693149209931,0.10774063269703382
0.6416416416416416,0.8915356727144559,-0.11480982821762255,-2.242998296538734,0.10846432728554412
0.6426426426426426,0.8908125644673128,-0.11562123899777425,-2.236353330854015,0.10918743553268717
0.6436436436436437,0.8900900420825216,-0.11643265049414199,-2.2297575536090846,0.10990995791747837
0.6446446446446447,0.8893681050814652,-0.11724406271175064,-2.223210280810612,0.11063189491853476
0.6456456456456456,0.8886467529859242,-0.1180554756556253,-2.216710842617141,0.11135324701407578
0.6466466466466466,0.8879259853180768,-0.11886688933079086,-2.2102585829513637,0.11207401468192324
0.6476476476476476,0.8872058016004979,-0.11967830374227262,-2.203852859125577,0.11279419839950211
0.6486486486486487,0.88648620135616,-0.12048971889509523,-2.197493041479792,0.11351379864384004
0.6496496496496497,0.8857671841084315,-0.12130113479428375,-2.1911785130319985,0.11423281589156853
0.6506506506506506,0.8850487493810771,-0.12211255144486306,-2.184908669140068,0.11495125061892286
0.6516516516516516,0.8843308966982576,-0.12292396885185795,-2.178682917174871,0.1156691033017424
0.6526526526526526,0.8836136255845288,-0.12373538702029331,-2.172500676204138,0.11638637441547117
0.6536536536536537,0.8828969355648417,-0.12454680595519425,-2.166361376686652,0.11710306443515828
0.6546546546546547,0.8821808261645425,-0.12535822566158522,-2.1602644601763763,0.11781917383545748
0.6556556556556556,0.8814652969093715,-0.1261696461444912,-2.154209379036116,0.11853470309062852
0.6566566566566566,0.8807503473254631,-0.12698106740893694,-2.14819559616037,0.11924965267453691
0.6576576576576576,0.8800359769393458,-0.1277924894599471,-2.1422225847069964,0.11996402306065423
0.6586586586586587,0.8793221852779411,-0.1286039123025465,-2.136289827837382,0.12067781472205885
0.6596596596596597,0.8786089718685641,-0.12941533594175983,-2.1303968184647752,0.12139102813143587
0.6606606606606606,0.8778963362389224,-0.13022676038261174,-2.124543059010484,0.12210366376107762
0.6616616616616616,0.8771842779171161,-0.1310381856301268,-2.1187280611676496,0.12281572208288394
0.6626626626626626,0.8764727964316374,-0.1318496116893296,-2.1129513456723052,0.12352720356836255
0.6636636636636637,0.8757618913113702,-0.13266103856524514,-2.1072124420814653,0.12423810868862983
0.6646646646646647,0.8750515620855901,-0.13347246626289752,-2.1015108885579745,0.1249484379144099
0.6656656656656657,0.8743418082839636,-0.13428389478731154,-2.095846231661877,0.12565819171603643
0.6666666666666666,0.8736326294365481,-0.13509532414351155,-2.0902180261480727,0.12636737056345193
0.6676676676676676,0.8729240250737913,-0.13590675433652216,-2.0846258347700313,0.1270759749262087
0.6686686686686687,0.872215994726531,-0.13671818537136804,-2.0790692280893444,0.127784005273469
0.6696696696696697,0.8715085379259951,-0.1375296172530733,-2.0735477842909193,0.12849146207400486
0.6706706706706707,0.8708016542038007,-0.13834104998666252,-2.068061089003601,0.12919834579619927
0.6716716716716716,0.870095343091954,-0.13915248357716012,-2.062608735126043,0.12990465690804598
0.6726726726726726,0.8693896041228502,-0.13996391802959035,-2.0571903226576422,0.13061039587714984
0.6736736736736737,0.8686844368292724,-0.14077535334897778,-2.051805458534353,0.13131556317072757
0.6746746746746747,0.8679798407443927,-0.1415867895403465,-2.04645375646923,0.13202015925560728
0.6756756756756757,0.8672758154017703,-0.1423982266087209,-2.0411348367975157,0.13272418459822966
0.6766766766766766,0.8665723603353521,-0.14320966455912534,-2.0358483263261364,0.13342763966464788
0.6776776776776777,0.8658694750794722,-0.14402110339658392,-2.0305938581874465,0.1341305249205278
0.6786786786786787,0.8651671591688513,-0.144832543126121,-2.0253710716970854,0.13483284083114866
0.6796796796796797,0.8644654121385971,-0.1456439837527605,-2.0201796122157973,0.13553458786140293
0.6806806806806807,0.8637642335242026,-0.14645542528152683,-2.015019131015097,0.13623576647579738
0.6816816816816816,0.8630636228615474,-0.14726686771744407,-2.0098892851466417,0.13693637713845264
0.6826826826826827,0.862363579686896,-0.14807831106553637,-2.0047897373151944,0.13763642031310397
0.6836836836836837,0.8616641035368987,-0.14888975533082766,-1.9997201557550581,0.1383358964631013
0.6846846846846847,0.8609651939485902,-0.149701200518342,-1.9946802141098647,0.13903480605140983
0.6856856856856857,0.8602668504593896,-0.15051264663310357,-1.9896695913156166,0.13973314954061045
0.6866866866866866,0.8595690726071005,-0.15132409368013625,-1.9846879714868706,0.14043092739289953
0.6876876876876877,0.8588718599299101,-0.1521355416644642,-1.979735043805965,0.1411281400700899
0.6886886886886887,0.8581752119663896,-0.152946990591111,-1.9748105024151965,0.14182478803361043
0.6896896896896897,0.8574791282554928,-0.1537584404651008,-1.96991404631184,0.14252087174450723
0.6906906906906907,0.8567836083365566,-0.15456989129145746,-1.9650453792459432,0.14321639166344335
0.6916916916916916,0.8560886517493007,-0.1553813430752048,-1.9602042096207883,0.1439113482506993
0.6926926926926927,0.8553942580338266,-0.15619279582136672,-1.9553902503959486,0.14460574196617337
0.6936936936936937,0.8547004267306181,-0.15700424953496697,-1.9506032189928584,0.14529957326938192
0.6946946946946947,0.8540071573805403,-0.15781570422102917,-1.9458428372028125,0.14599284261945966
0.6956956956956957,0.8533144495248397,-0.15862715988457723,-1.9411088310973283,0.1466855504751603
0.6966966966966966,0.8526223027051436,-0.15943861653063482,-1.9364009309407937,0.1473776972948564
0.6976976976976977,0.85193071646346,-0.16025007416422565,-1.9317188711053308,0.14806928353654003
0.6986986986986987,0.8512396903421771,-0.16106153279037336,-1.9270623899878125,0.14876030965782294
0.6996996996996997,0.8505492238840632,-0.1618729924141014,-1.9224312299289597,0.14945077611593682
0.7007007007007007,0.8498593166322661,-0.16268445304043352,-1.917825137134465,0.1501406833677339
0.7017017017017017,0.8491699681303129,-0.16349591467439334,-1.913243861598077,0.15083003186968713
0.7027027027027027,0.8484811779221098,-0.1643073773210042,-1.9086871570265875,0.15151882207789025
0.7037037037037037,0.8477929455519415,-0.1651188409852897,-1.9041547807666703,0.1522070544480585
0.7047047047047047,0.8471052705644712,-0.16593030567227343,-1.899646493733507,0.15289472943552884
0.7057057057057057,0.8464181525047401,-0.16674177138697854,-1.8951620603411579,0.15358184749525994
0.7067067067067067,0.845731590918167,-0.1675532381344286,-1.8907012484346228,0.15426840908183304
0.7077077077077077,0.8450455853505481,-0.168364705919647,-1.8862638292235416,0.15495441464945192
0.7087087087087087,0.8443601353480567,-0.16917617474765714,-1.88184957721749,0.15563986465194335
0.7097097097097097,0.8436752404572428,-0.16998764462348212,-1.87745827016282,0.15632475954275715
0.7107107107107107,0.8429909002250331,-0.17079911555214528,-1.8730896889810082,0.1570090997749669
0.7117117117117117,0.8423071141987297,-0.17161058753867006,-1.868743617708464,0.15769288580127028
0.7127127127127127,0.8416238819260112,-0.17242206058807952,-1.864419843437754,0.15837611807398877
0.7137137137137137,0.8409412029549314,-0.17323353470539682,-1.860118156260213,0.15905879704506865
0.7147147147147147,0.840259076833919,-0.17404500989564511,-1.8558383492098882,0.15974092316608102
0.7157157157157157,0.8395775031117778,-0.1748564861638476,-1.8515802182087917,0.1604224968882222
0.7167167167167167,0.838896481337686,-0.17566796351502736,-1.8473435620134204,0.16110351866231398
0.7177177177177178,0.838216011061196,-0.17647944195420745,-1.843128182162505,0.16178398893880397
0.7187187187187187,0.8375360918322342,-0.17729092148641076,-1.838933882925962,0.1624639081677658
0.7197197197197197,0.8368567232011003,-0.17810240211666037,-1.8347604712550063,0.16314327679889973
0.7207207207207207,0.8361779047184673,-0.17891388384997917,-1.8306077567334007,0.1638220952815327
0.7217217217217217,0.8354996359353811,-0.17972536669139025,-1.8264755515298081,0.16450036406461888
0.7227227227227228,0.8348219164032603,-0.18053685064591643,-1.8223636703512156,0.1651780835967397
0.7237237237237237,0.8341447456738958,-0.18134833571858033,-1.8182719303974055,0.16585525432610415
0.7247247247247247,0.8334681232994503,-0.18215982191440502,-1.814200151316438,0.1665318767005497
0.7257257257257257,0.8327920488324582,-0.18297130923841323,-1.8101481551611278,0.16720795116754184
0.7267267267267267,0.8321165218258251,-0.1837827976956278,-1.8061157663464815,0.16788347817417493
0.7277277277277278,0.8314415418328278,-0.1845942872910714,-1.802102811608072,0.1685584581671722
0.7287287287287287,0.830767108407114,-0.18540577802976654,-1.7981091199613284,0.16923289159288601
0.7297297297297297,0.8300932211027013,-0.18621726991673596,-1.794134522661711,0.16990677889729866
0.7307307307307307,0.8294198794739777,-0.18702876295700238,-1.790178853165754,0.17058012052602234
0.7317317317317317,0.8287470830757008,-0.18784025715558822,-1.7862419470929536,0.17125291692429923
0.7327327327327328,0.8280748314629974,-0.18865175251751637,-1.7823236421884718,0.17192516853700257
0.7337337337337337,0.8274031241913642,-0.18946324904780892,-1.7784237782866485,0.1725968758086358
0.7347347347347347,0.826731960816666,-0.19027474675148845,-1.7745421972752844,0.173268039183334
0.7357357357357357,0.8260613408951363,-0.19108624563357748,-1.770678743060691,0.17393865910486372
0.7367367367367368,0.8253912639833767,-0.19189774569909848,-1.766833261533477,0.1746087360166233
0.7377377377377378,0.8247217296383569,-0.1927092469530737,-1.7630056005350598,0.17527827036164312
0.7387387387387387,0.8240527374174139,-0.19352074940052555,-1.7591956098248764,0.17594726258258608
0.7397397397397397,0.8233842868782523,-0.19433225304647617,-1.7554031410482827,0.17661571312174773
0.7407407407407407,0.8227163775789432,-0.19514375789594787,-1.751628047705123,0.17728362242105677
0.7417417417417418,0.8220490090779244,-0.19595526395396318,-1.7478701851189478,0.17795099092207556
0.7427427427427428,0.8213821809340005,-0.19676677122554384,-1.7441294104068725,0.1786178190659995
0.7437437437437437,0.8207158927063415,-0.19757827971571224,-1.7404055824500504,0.1792841072936585
0.7447447447447447,0.8200501439544833,-0.19838978942949045,-1.7366985618647557,0.17994985604551672
0.7457457457457457,0.8193849342383273,-0.19920130037190054,-1.7330082109740546,0.18061506576167274
0.7467467467467468,0.8187202631181396,-0.20001281254796466,-1.7293343937800518,0.1812797368818604
0.7477477477477478,0.8180561301545517,-0.20082432596270455,-1.7256769759367017,0.1819438698454483
0.7487487487487487,0.8173925349085589,-0.20163584062114245,-1.722035824723162,0.1826074650914411
0.7497497497497497,0.816729476941521,-0.20244735652830012,-1.7184108090176882,0.18327052305847902
0.7507507507507507,0.8160669558151615,-0.20325887368919945,-1.7148017992720477,0.18393304418483847
0.7517517517517518,0.8154049710915674,-0.20407039210886246,-1.7112086674864428,0.1845950289084326
0.7527527527527528,0.814743522333189,-0.2048819117923108,-1.7076312871849348,0.18525647766681097
0.7537537537537538,0.8140826091028395,-0.2056934327445663,-1.7040695333913471,0.18591739089716053
0.7547547547547547,0.8134222309636946,-0.2065049549706506,-1.7005232826056507,0.1865777690363054
0.7557557557557557,0.8127623874792923,-0.20731647847558557,-1.6969924127808065,0.1872376125207077
0.7567567567567568,0.8121030782135324,-0.20812800326439299,-1.6934768033000627,0.18789692178646755
0.7577577577577578,0.8114443027306771,-0.208939529342094,-1.6899763349546952,0.18855569726932286
0.7587587587587588,0.8107860605953491,-0.2097510567137106,-1.6864908899221747,0.18921393940465092
0.7597597597597597,0.8101283513725326,-0.21056258538426406,-1.6830203517447602,0.18987164862746742
0.7607607607607607,0.8094711746275722,-0.21137411535877618,-1.6795646053085012,0.19052882537242777
0.7617617617617618,0.8088145299261734,-0.2121856466422683,-1.6761235368226435,0.19118547007382658
0.7627627627627628,0.8081584168344017,-0.2129971792397617,-1.672697033799429,0.1918415831655983
0.7637637637637638,0.8075028349186821,-0.213808713156278,-1.6692849850342752,0.19249716508131787
0.7647647647647647,0.8068477837457997,-0.21462024839683827,-1.6658872805863358,0.19315221625420032
0.7657657657657657,0.8061932628828982,-0.2154317849664641,-1.6625038117594237,0.19380673711710183
0.7667667667667668,0.8055392718974805,-0.21624332287017664,-1.659134471083295,0.19446072810251946
0.7677677677677678,0.8048858103574084,-0.2170548621129971,-1.6557791522952832,0.19511418964259164
0.7687687687687688,0.8042328778309015,-0.21786640269994664,-1.6524377503222742,0.19576712216909853
0.7697697697697697,0.8035804738865376,-0.21867794463604645,-1.6491101612630192,0.19641952611346236
0.7707707707707707,0.8029285980932523,-0.2194894879263177,-1.6457962823707726,0.19707140190674766
0.7717717717717718,0.8022772500203386,-0.22030103257578137,-1.6424960120362513,0.19772274997966144
0.7727727727727728,0.8016264292374463,-0.22111257858945846,-1.6392092497709094,0.19837357076255369
0.7737737737737738,0.8009761353145824,-0.22192412597236988,-1.6359358961905135,0.19902386468541755
0.7747747747747747,0.80032636782211,-0.2227356747295369,-1.6326758529990242,0.19967363217789003
0.7757757757757757,0.7996771263307486,-0.22354722486598003,-1.6294290229727664,0.2003228736692514
0.7767767767767768,0.7990284104115736,-0.22435877638672033,-1.6261953099448878,0.20097158958842642
0.7777777777777778,0.7983802196360157,-0.22517032929677872,-1.6229746187900993,0.2016197803639843
0.7787787787787788,0.7977325535758614,-0.2259818836011756,-1.6197668554096862,0.20226744642413863
0.7797797797797797,0.7970854118032515,-0.22679343930493207,-1.6165719267167922,0.20291458819674846
0.7807807807807807,0.7964387938906822,-0.2276049964130686,-1.6133897406219628,0.20356120610931783
0.7817817817817818,0.7957926994110032,-0.2284165549306062,-1.6102202060189479,0.20420730058899683
0.7827827827827828,0.7951471279374192,-0.229228114862565,-1.6070632327707568,0.20485287206258085
0.7837837837837838,0.794502079043488,-0.23003967621396573,-1.6039187316959562,0.20549792095651198
0.7847847847847848,0.7938575523031213,-0.23085123898982896,-1.600786614555213,0.20614244769687873
0.7857857857857857,0.7932135472905836,-0.2316628031951751,-1.5976667940380718,0.20678645270941642
0.7867867867867868,0.7925700635804923,-0.23247436883502479,-1.5945591837499629,0.2074299364195077
0.7877877877877878,0.7919271007478178,-0.23328593591439814,-1.5914636981994381,0.2080728992521822
0.7887887887887888,0.7912846583678823,-0.23409750443831567,-1.5883802527856272,0.2087153416321177
0.7897897897897898,0.7906427360163603,-0.23490907441179756,-1.5853087637859105,0.20935726398363974
0.7907907907907907,0.7900013332692776,-0.23572064583986416,-1.5822491483438068,0.20999866673072243
0.7917917917917918,0.7893604497030116,-0.23653221872753583,-1.5792013244570655,0.21063955029698844
0.7927927927927928,0.7887200848942909,-0.23734379307983242,-1.5761652109659683,0.2112799151057091
0.7937937937937938,0.7880802384201947,-0.23815536890177427,-1.5731407275418225,0.2119197615798053
0.7947947947947948,0.7874409098581527,-0.23896694619838135,-1.570127794675658,0.21255909014184726
0.7957957957957957,0.7868020987859449,-0.23977852497467378,-1.567126333667111,0.21319790121405513
0.7967967967967968,0.7861638047817008,-0.2405901052356717,-1.564136266613497,0.21383619521829922
0.7977977977977978,0.7855260274239001,-0.2414016869863947,-1.561157516399068,0.2144739725760999
0.7987987987987988,0.7848887662913713,-0.24221327023186298,-1.5581900066844492,0.21511123370862872
0.7997997997997998,0.7842520209632922,-0.24302485497709614,-1.5552336618962523,0.21574797903670784
0.8008008008008007,0.7836157910191889,-0.24383644122711431,-1.5522884072168641,0.21638420898081112
0.8018018018018018,0.7829800760389364,-0.24464802898693702,-1.5493541685744,0.21701992396106362
0.8028028028028028,0.7823448756027575,-0.2454596182615841,-1.5464308726328304,0.21765512439724255
0.8038038038038038,0.7817101892912227,-0.2462712090560753,-1.5435184467822638,0.2182898107087773
0.8048048048048048,0.7810760166852506,-0.24708280137542996,-1.5406168191293925,0.21892398331474938
0.8058058058058059,0.7804423573661062,-0.24789439522466805,-1.537725918488096,0.21955764263389377
0.8068068068068068,0.7798092109154022,-0.24870599060880877,-1.5348456743701966,0.22019078908459777
0.8078078078078078,0.7791765769150973,-0.24951758753287187,-1.5319760169763645,0.22082342308490266
0.8088088088088088,0.7785444549474971,-0.25032918600187654,-1.5291168771871726,0.22145554505250287
0.8098098098098098,0.7779128445952527,-0.2511407860208425,-1.5262681865542949,0.22208715540474733
0.8108108108108109,0.7772817454413613,-0.2519523875947889,-1.5234298772918473,0.2227182545586387
0.8118118118118118,0.7766511570691655,-0.25276399072873507,-1.520601882267868,0.22334884293083446
0.8128128128128128,0.7760210790623532,-0.25357559542770014,-1.5177841349959322,0.22397892093764682
0.8138138138138138,0.7753915110049567,-0.2543872016967036,-1.5149765696269042,0.22460848899504327
0.8148148148148148,0.7747624524813534,-0.2551988095407644,-1.5121791209408182,0.22523754751864655
0.8158158158158159,0.7741339030762647,-0.25601041896490184,-1.5093917243388886,0.22586609692373527
0.8168168168168168,0.7735058623747562,-0.2568220299741349,-1.5066143158356482,0.22649413762524384
0.8178178178178178,0.7728783299622369,-0.2576336425734824,-1.5038468320512075,0.22712167003776307
0.8188188188188188,0.7722513054244595,-0.2584452567679637,-1.501089210203639,0.22774869457554048
0.8198198198198198,0.7716247883475198,-0.2592568725625974,-1.4983413881014778,0.2283752116524802
0.8208208208208209,0.7709987783178561,-0.2600684899624026,-1.4956033041363412,0.22900122168214387
0.8218218218218218,0.7703732749222497,-0.260880108972398,-1.492874897275665,0.22962672507775028
0.8228228228228228,0.7697482777478238,-0.26169172959760245,-1.4901561070555462,0.23025172225217616
0.8238238238238238,0.7691237863820438,-0.2625033518430347,-1.4874468735737052,0.23087621361795618
0.8248248248248248,0.7684998004127167,-0.2633149757137132,-1.484747137482549,0.2315001995872833
0.8258258258258259,0.7678763194279906,-0.2641266012146569,-1.4820568399823455,0.23212368057200938
0.8268268268268268,0.7672533430163552,-0.26493822835088426,-1.4793759228145025,0.23274665698364483
0.8278278278278278,0.7666308707666406,-0.26574985712741367,-1.4767043282549461,0.2333691292333594
0.8288288288288288,0.7660089022680174,-0.266561487549264,-1.474041999107603,0.23399109773198257
0.8298298298298298,0.7653874371099969,-0.26737311962145327,-1.4713888786979819,0.2346125628900031
0.8308308308308309,0.7647664748824297,-0.26818475334900016,-1.4687449108668498,0.23523352511757034
0.8318318318318318,0.7641460151755064,-0.26899638873692283,-1.4661100399640068,0.2358539848244936
0.8328328328328328,0.7635260575797571,-0.2698080257902395,-1.4634842108421524,0.2364739424202429
0.8338338338338338,0.7629066016860505,-0.2706196645139687,-1.4608673688508447,0.2370933983139495
0.8348348348348348,0.7622876470855945,-0.27143130491312845,-1.4582594598305498,0.2377123529144055
0.8358358358358359,0.7616691933699353,-0.2722429469927368,-1.4556604301067808,0.23833080663006467
0.8368368368368369,0.7610512401309574,-0.273054590757812,-1.4530702264843236,0.23894875986904263
0.8378378378378378,0.7604337869608832,-0.2738662362133719,-1.4504887962415471,0.23956621303911685
0.8388388388388388,0.7598168334522725,-0.27467788336443477,-1.4479160871247996,0.24018316654772753
0.8398398398398398,0.7592003791980229,-0.2754895322160183,-1.4453520473428871,0.24079962080197714
0.8408408408408409,0.7585844237913687,-0.2763011827731404,-1.4427966255616314,0.2414155762086313
0.8418418418418419,0.7579689668258812,-0.27711283504081896,-1.4402497708985111,0.24203103317411878
0.8428428428428428,0.757354007895468,-0.27792448902407174,-1.4377114329173772,0.24264599210453197
0.8438438438438438,0.756739546594373,-0.2787361447279165,-1.435181561623249,0.24326045340562696
0.8448448448448448,0.7561255825171762,-0.27954780215737074,-1.4326601074571834,0.2438744174828238
0.8458458458458459,0.7555121152587928,-0.2803594613174524,-1.4301470212912193,0.2444878847412072
0.8468468468468469,0.7548991444144737,-0.28117112221317886,-1.427642254423397,0.2451008555855263
0.8478478478478478,0.7542866695798048,-0.28198278484956757,-1.4251457585728449,0.24571333042019516
0.8488488488488488,0.7536746903507069,-0.28279444923163605,-1.4226574858749406,0.2463253096492931
0.8498498498498498,0.7530632063234349,-0.2836061153644018,-1.420177388876541,0.24693679367656507
0.8508508508508509,0.7524522170945782,-0.28441778325288225,-1.4177054205312778,0.2475477829054218
0.8518518518518519,0.7518417222610604,-0.2852294529020944,-1.4152415341949243,0.24815827773893961
0.8528528528528528,0.7512317214201382,-0.2860411243170558,-1.4127856836208235,0.24876827857986183
0.8538538538538538,0.750622214169402,-0.2868527975027835,-1.4103378229553838,0.249377785830598
0.8548548548548548,0.7500132001067753,-0.28766447246429455,-1.4078979067336383,0.2499867998932247
0.8558558558558559,0.7494046788305141,-0.2884761492066064,-1.4054658898748646,0.2505953211694859
0.8568568568568569,0.7487966499392074,-0.28928782773473577,-1.4030417276782692,0.25120335006079264
0.8578578578578578,0.7481891130317759,-0.29009950805369983,-1.4006253758187288,0.25181088696822407
0.8588588588588588,0.7475820677074728,-0.2909111901685154,-1.398216790342594,0.2524179322925272
0.8598598598598598,0.7469755135658827,-0.29172287408419934,-1.39581592766355,0.25302448643411735
0.8608608608608609,0.7463694502069214,-0.29253455980576865,-1.393422744558535,0.25363054979307864
0.8618618618618619,0.7457638772308361,-0.29334624733823983,-1.3910371981637164,0.25423612276916385
0.8628628628628628,0.745158794238205,-0.29415793668662976,-1.3886592459705192,0.25484120576179503
0.8638638638638638,0.7445542008299362,-0.29496962785595526,-1.386288845821713,0.2554457991700638
0.8648648648648649,0.7439500966072687,-0.29578132085123265,-1.383925955907551,0.25604990339273126
0.8658658658658659,0.7433464811717714,-0.29659301567747864,-1.3815705347619616,0.2566535188282286
0.8668668668668669,0.7427433541253426,-0.29740471233970955,-1.3792225412587924,0.25725664587465735
0.8678678678678678,0.7421407150702104,-0.298216410842942,-1.3768819346081054,0.2578592849297896
0.8688688688688688,0.7415385636089317,-0.2990281111921924,-1.3745486743525226,0.25846143639106833
0.8698698698698699,0.7409368993443924,-0.29983981339247706,-1.3722227203636206,0.25906310065560756
0.8708708708708709,0.7403357218798075,-0.3006515174488121,-1.369904032838376,0.25966427812019255
0.8718718718718719,0.7397350308187194,-0.30146322336621384,-1.3675925722956543,0.2602649691812806
0.8728728728728729,0.7391348257649992,-0.30227493114969844,-1.3652882995727516,0.2608651742350008
0.8738738738738738,0.7385351063228456,-0.30308664080428216,-1.3629911758219775,0.2614648936771544
0.8748748748748749,0.7379358720967848,-0.3038983523349807,-1.3607011625072873,0.2620641279032152
0.8758758758758759,0.7373371226916701,-0.3047100657468104,-1.358418221400958,0.26266287730832993
0.8768768768768769,0.7367388577126819,-0.305521781044787,-1.3561423145803069,0.2632611422873181
0.8778778778778779,0.7361410767653271,-0.30633349823392636,-1.353873404424457,0.26385892323467286
0.8788788788788788,0.7355437794554393,-0.3071452173192443,-1.3516114536111412,0.26445622054456075
0.8798798798798799,0.7349469653891774,-0.307956938305757,-1.3493564251135526,0.26505303461082264
0.8808808808808809,0.7343506341730272,-0.3087686611984795,-1.347108282197234,0.26564936582697285
0.8818818818818819,0.7337547854137992,-0.30958038600242793,-1.3448669884170077,0.26624521458620076
0.8828828828828829,0.7331594187186298,-0.31039211272261763,-1.3426325076139471,0.2668405812813702
0.8838838838838838,0.7325645336949799,-0.3112038413640642,-1.3404048039123877,0.26743546630502013
0.8848848848848849,0.7319701299506353,-0.3120155719317833,-1.3381838417169747,0.26802987004936474
0.8858858858858859,0.7313762070937063,-0.3128273044307901,-1.3359695857097533,0.2686237929062937
0.8868868868868869,0.7307827647326275,-0.3136390388661,-1.3337620008472921,0.2692172352673725
0.8878878878878879,0.730189802476157,-0.3144507752427286,-1.3315610523578458,0.26981019752384305
0.8888888888888888,0.729597319933377,-0.3152625135656907,-1.3293667057385554,0.27040268006662305
0.8898898898898899,0.7290053167136925,-0.3160742538400018,-1.3271789267526826,0.2709946832863075
0.8908908908908909,0.7284137924268324,-0.3168859960706768,-1.3249976814268805,0.27158620757316765
0.8918918918918919,0.7278227466828474,-0.317697740262731,-1.3228229360484993,0.2721772533171526
0.8928928928928929,0.7272321790921116,-0.3185094864211792,-1.3206546571629254,0.2727678209078884
0.8938938938938938,0.7266420892653207,-0.31932123455103656,-1.318492811570956,0.2733579107346793
0.8948948948948949,0.7260524768134928,-0.3201329846573179,-1.3163373663262057,0.27394752318650717
0.8958958958958959,0.7254633413479677,-0.3209447367450379,-1.3141882887325467,0.27453665865203225
0.8968968968968969,0.7248746824804065,-0.3217564908192113,-1.3120455463415803,0.27512531751959346
0.8978978978978979,0.7242864998227914,-0.32256824688485314,-1.3099091069501414,0.27571350017720864
0.8988988988988988,0.7236987929874256,-0.3233800049469778,-1.3077789385978336,0.27630120701257443
0.8998998998998999,0.7231115615869328,-0.32419176501060004,-1.3056550095645958,0.2768884384130672
0.9009009009009009,0.7225248052342573,-0.3250035270807344,-1.3035372883682987,0.27747519476574267
0.9019019019019019,0.7219385235426635,-0.325815291162395,-1.3014257437623715,0.2780614764573365
0.9029029029029029,0.7213527161257353,-0.32662705726059665,-1.2993203447334576,0.27864728387426474
0.9039039039039038,0.7207673825973763,-0.3274388253803534,-1.2972210604991006,0.27923261740262373
0.9049049049049049,0.7201825225718091,-0.32825059552668007,-1.295127860505457,0.27981747742819085
0.9059059059059059,0.7195981356635762,-0.3290623677045901,-1.2930407144250404,0.2804018643364238
0.9069069069069069,0.7190142214875377,-0.32987414191909825,-1.2909595921544894,0.2809857785124623
0.9079079079079079,0.7184307796588728,-0.3306859181752184,-1.288884463812365,0.2815692203411272
0.9089089089089089,0.7178478097930787,-0.3314976964779647,-1.286815299736977,0.2821521902069213
0.9099099099099099,0.7172653115059707,-0.33230947683235096,-1.284752070484232,0.2827346884940293
0.9109109109109109,0.7166832844136815,-0.3331212592433913,-1.282694746825513,0.28331671558631855
0.9119119119119119,0.7161017281326613,-0.33393304371609944,-1.2806432997455808,0.28389827186733874
0.9129129129129129,0.7155206422796775,-0.3347448302554891,-1.2785977004405027,0.2844793577203225
0.9139139139139139,0.7149400264718142,-0.33555661886657423,-1.2765579203156068,0.2850599735281858
0.914914914914915,0.714359880326472,-0.33636840955436853,-1.2745239309834588,0.285640119673528
0.9159159159159159,0.7137802034613683,-0.33718020232388535,-1.2724957042618659,0.2862197965386317
0.9169169169169169,0.7132009954945359,-0.3379919971801384,-1.2704732121719025,0.28679900450546414
0.9179179179179179,0.7126222560443237,-0.3388037941281411,-1.2684564269359606,0.2873777439556763
0.9189189189189189,0.7120439847293962,-0.33961559317290685,-1.2664453209758233,0.28795601527060377
0.91991991991992,0.711466181168733,-0.34042739431944913,-1.2644398669107615,0.28853381883126705
0.9209209209209209,0.7108888449816285,-0.34123919757278115,-1.2624400375556533,0.2891111550183715
0.9219219219219219,0.7103119757876922,-0.34205100293791607,-1.2604458059191248,0.28968802421230777
0.9229229229229229,0.7097355732068478,-0.3428628104198672,-1.2584571452017141,0.29026442679315223
0.9239239239239239,0.7091596368593331,-0.34367462002364757,-1.2564740287940572,0.29084036314066686
0.924924924924925,0.7085841663657,-0.3444864317542703,-1.2544964302750927,0.2914158336343
0.9259259259259259,0.708009161346814,-0.34529824561674816,-1.2525243234102923,0.291990838653186
0.9269269269269269,0.7074346214238539,-0.3461100616160942,-1.250557682149907,0.29256537857614606
0.9279279279279279,0.7068605462183117,-0.34692187975732125,-1.2485964806272367,0.29313945378168826
0.9289289289289289,0.7062869353519922,-0.3477337000454422,-1.2466406931569212,0.29371306464800784
0.92992992992993,0.7057137884470126,-0.34854552248546966,-1.244690294233246,0.2942862115529874
0.9309309309309309,0.7051411051258029,-0.3493573470824162,-1.2427452585284757,0.29485889487419714
0.9319319319319319,0.7045688850111046,-0.35016917384129465,-1.2408055608911979,0.2954311149888954
0.9329329329329329,0.7039971277259716,-0.3509810027671171,-1.2388711763446931,0.29600287227402844
0.933933933933934,0.7034258328937685,-0.3517928338648966,-1.2369420800853201,0.2965741671062315
0.934934934934935,0.702855000138172,-0.35260466713964506,-1.235018247480922,0.29714499986182796
0.9359359359359359,0.7022846290831695,-0.35341650259637497,-1.233099654069247,0.29771537091683054
0.9369369369369369,0.7017147193530588,-0.3542283402400986,-1.2311862755563918,0.29828528064694115
0.9379379379379379,0.7011452705724488,-0.35504018007582805,-1.22927808781526,0.2988547294275512
0.938938938938939,0.7005762823662579,-0.3558520221085757,-1.2273750668840386,0.2994237176337421
0.93993993993994,0.7000077543597151,-0.35666386634335334,-1.2254771889646923,0.2999922456402849
0.9409409409409409,0.6994396861783587,-0.35747571278517304,-1.223584430421474,0.3005603138216413
0.9419419419419419,0.6988720774480366,-0.3582875614390468,-1.2216967677794537,0.3011279225519634
0.9429429429429429,0.6983049277949057,-0.3590994123099864,-1.2198141777230627,0.3016950722050943
0.943943943943944,0.6977382368454319,-0.35991126540300383,-1.2179366370946543,0.3022617631545681
0.944944944944945,0.6971720042263899,-0.3607231207231106,-1.2160641228930824,0.3028279957736101
0.9459459459459459,0.6966062295648625,-0.36153497827531844,-1.2141966122722936,0.3033937704351375
0.9469469469469469,0.6960409124882408,-0.36234683806463885,-1.212334082539936,0.30395908751175915
0.9479479479479479,0.6954760526242239,-0.36315870009608336,-1.2104765111559854,0.30452394737577615
0.948948948948949,0.6949116496008177,-0.36397056437466385,-1.208623875731383,0.30508835039918225
0.94994994994995,0.6943477030463368,-0.36478243090539114,-1.2067761540266932,0.30565229695366325
0.950950950950951,0.6937842125894016,-0.36559429969327684,-1.2049333239507711,0.3062157874105984
0.9519519519519519,0.69322117785894,-0.36640617074333226,-1.203095363559449,0.30677882214106
0.9529529529529529,0.6926585984841864,-0.36721804406056835,-1.2012622510542352,0.3073414015158136
0.953953953953954,0.6920964740946812,-0.36802991964999654,-1.1994339647810268,0.3079035259053188
0.954954954954955,0.6915348043202714,-0.36884179751662755,-1.19761048322884,0.30846519567972863
0.955955955955956,0.690973588791109,-0.3696536776654726,-1.1957917850285487,0.30902641120889096
0.9569569569569569,0.6904128271376523,-0.37046556010154247,-1.1939778489516428,0.3095871728623477
0.9579579579579579,0.6898525189906642,-0.37127744482984826,-1.1921686539089966,0.31014748100933576
0.958958958958959,0.6892926639812132,-0.3720893318554005,-1.1903641789496504,0.31070733601878675
0.95995995995996,0.6887332617406723,-0.37290122118320984,-1.1885644032596085,0.3112667382593277
0.960960960960961,0.6881743119007189,-0.373713112818287,-1.1867693061606468,0.31182568809928113
0.9619619619619619,0.6876158140933346,-0.3745250067656426,-1.1849788671091348,0.3123841859066654
0.9629629629629629,0.6870577679508052,-0.3753369030302872,-1.1831930656948706,0.3129422320491948
0.963963963963964,0.68650017310572,-0.37614880161723124,-1.1814118816399288,0.31349982689428
0.964964964964965,0.685943029190972,-0.37696070253148484,-1.1796352947975193,0.31405697080902795
0.965965965965966,0.6853863358397574,-0.37777260577805843,-1.1778632851508595,0.3146136641602426
0.9669669669669669,0.684830092685575,-0.37858451136196225,-1.1760958328120585,0.31516990731442496
0.9679679679679679,0.6842742993622267,-0.3793964192882064,-1.1743329180210134,0.3157257006377733
0.968968968968969,0.6837189555038166,-0.38020832956180106,-1.172574521144316,0.31628104449618344
0.96996996996997,0.683164060744751,-0.3810202421877561,-1.1708206226741744,0.316835939255249
0.970970970970971,0.6826096147197382,-0.38183215717108165,-1.1690712032273416,0.31739038528026176
0.9719719719719719,0.6820556170637884,-0.38264407451678734,-1.1673262435440594,0.31794438293621163
0.9729729729729729,0.6815020674122126,-0.3834559942298832,-1.165585724487011,0.31849793258778736
0.973973973973974,0.6809489654006237,-0.38426791631537877,-1.1638496270402856,0.31905103459937634
0.974974974974975,0.680396310664935,-0.38507984077828367,-1.1621179323083555,0.319603689335065
0.975975975975976,0.6798441028413607,-0.38589176762360755,-1.16039062151506,0.32015589715863935
0.9769769769769769,0.679292341566415,-0.38670369685636014,-1.1586676760026038,0.32070765843358495
0.9779779779779779,0.678741026476913,-0.3875156284815505,-1.156949077230564,0.32125897352308697
0.978978978978979,0.678190157209969,-0.3883275625041884,-1.1552348067749079,0.321809842790031
0.97997997997998,0.6776397334029973,-0.3891394989292827,-1.1535248463270218,0.3223602665970027
0.980980980980981,0.6770897546937116,-0.3899514377618427,-1.1518191776927478,0.3229102453062884
0.9819819819819819,0.6765402207201243,-0.3907633790068779,-1.1501177827914333,0.3234597792798757
0.9829829829829829,0.6759911311205472,-0.3915753226693972,-1.1484206436549882,0.3240088688794528
0.983983983983984,0.6754424855335905,-0.3923872687544095,-1.1467277424269533,0.32455751446640946
0.984984984984985,0.6748942835981631,-0.3931992172669236,-1.1450390613615777,0.32510571640183694
0.985985985985986,0.6743465249534712,-0.39401116821194865,-1.1433545828229055,0.32565347504652875
0.986986986986987,0.6737992092390198,-0.3948231215944934,-1.141674289283872,0.3262007907609802
0.9879879879879879,0.6732523360946111,-0.39563507741956633,-1.13999816332541,0.3267476639053889
0.988988988988989,0.6727059051603445,-0.3964470356921765,-1.1383261876355635,0.32729409483965555
0.98998998998999,0.672159916076617,-0.3972589964173319,-1.1366583450086134,0.32784008392338304
0.990990990990991,0.6716143684841219,-0.39807095960004146,-1.1349946183442081,0.3283856315158781
0.991991991991992,0.6710692620238498,-0.3988829252453133,-1.1333349906465064,0.32893073797615024
0.992992992992993,0.6705245963370867,-0.39969489335815633,-1.131679445023328,0.3294754036629133
0.993993993993994,0.669980371065416,-0.400506863943578,-1.130027964685312,0.33001962893458403
0.994994994994995,0.6694365858507157,-0.401318837006587,-1.128380532945084,0.33056341414928425
0.995995995995996,0.6688932403351603,-0.4021308125521914,-1.1267371332164329,0.3311067596648397
0.996996996996997,0.6683503341612191,-0.4029427905853992,-1.1250977490134941,0.33164966583878086
0.997997997997998,0.6678078669716571,-0.4037547711112183,-1.1234623639499428,0.33219213302834294
0.998998998998999,0.6672658384095335,-0.40456675413465676,-1.1218309617381945,0.33273416159046654
1.0,0.6667242481182026,-0.4053787396607222,-1.1202035261886123,0.33327575188179737
